school_link,conferences,image_link,G,MP,FG,FGA,FG%,2P,2PA,2P%,3P,3PA,3P%,FT,FTA,FT%,ORB,DRB,TRB,AST,STL,BLK,TOV,PF,PTS
https://www.sports-reference.com/cbb/schools/arizona/2022.html,Pac-12 Conference,https://cdn.ssref.net/req/202212072/tlogo/ncaa/arizona.png,37,40.3,30.2,61.3,0.492,22.4,39.3,0.571,7.8,22,0.352,15.8,21.4,0.739,11.6,29.8,41.4,19.6,6.7,5.7,13.4,16.7,84
https://www.sports-reference.com/cbb/schools/ucla/2022.html,Pac-12 Conference,https://cdn.ssref.net/req/202212072/tlogo/ncaa/ucla.png,35,40.7,27.6,61.4,0.45,20.9,42.2,0.494,6.8,19.2,0.353,13.4,18.1,0.741,11.3,25.3,36.6,13.9,7,3.3,8.9,15.8,75.4
https://www.sports-reference.com/cbb/schools/southern-california/2022.html,Pac-12 Conference,https://cdn.ssref.net/req/202212072/tlogo/ncaa/southern-california.png,34,40.3,26.8,58.9,0.455,20,39.9,0.501,6.8,18.9,0.357,12.1,18.2,0.664,11.7,28.4,40.1,14.3,5,4.4,12.2,15.6,72.4
https://www.sports-reference.com/cbb/schools/colorado/2022.html,Pac-12 Conference,https://cdn.ssref.net/req/202212072/tlogo/ncaa/colorado.png,33,40.3,24.8,56,0.442,17.9,37.2,0.481,6.9,18.8,0.366,14.7,19.4,0.756,10,27.1,37.1,13.4,5.5,3.2,13.5,15.6,71.1
https://www.sports-reference.com/cbb/schools/washington-state/2022.html,Pac-12 Conference,https://cdn.ssref.net/req/202212072/tlogo/ncaa/washington-state.png,37,40.1,24.5,60.5,0.406,15.6,33.8,0.462,8.9,26.7,0.335,13.4,18.1,0.744,12.5,24.7,37.2,11.2,6.4,4.5,11.2,17.4,71.5
https://www.sports-reference.com/cbb/schools/oregon/2022.html,Pac-12 Conference,https://cdn.ssref.net/req/202212072/tlogo/ncaa/oregon.png,35,40.3,26.7,59.3,0.451,19.6,37.9,0.518,7.1,21.4,0.333,11.7,17.3,0.679,10.5,24.6,35.1,12.2,6.8,3.5,11.7,16.6,72.3
https://www.sports-reference.com/cbb/schools/washington/2022.html,Pac-12 Conference,https://cdn.ssref.net/req/202212072/tlogo/ncaa/washington.png,32,40.5,24.9,60.3,0.413,18.7,40.5,0.462,6.2,19.8,0.312,14.7,20.9,0.701,11,22.4,33.4,10.2,8.3,4.1,11.9,16.6,70.6
https://www.sports-reference.com/cbb/schools/arizona-state/2022.html,Pac-12 Conference,https://cdn.ssref.net/req/202212072/tlogo/ncaa/arizona-state.png,31,40.6,25,60.4,0.414,18.1,37.9,0.477,6.9,22.5,0.307,8.5,12.8,0.661,9.4,26.1,35.5,13.4,6.7,4.2,11.9,18.1,65.4
https://www.sports-reference.com/cbb/schools/stanford/2022.html,Pac-12 Conference,https://cdn.ssref.net/req/202212072/tlogo/ncaa/stanford.png,32,40.2,24.1,55.6,0.433,16.8,34.1,0.492,7.3,21.5,0.339,11,16.7,0.659,11.5,25.4,36.9,13.1,5.6,2.6,15,17.4,66.4
https://www.sports-reference.com/cbb/schools/california/2022.html,Pac-12 Conference,https://cdn.ssref.net/req/202212072/tlogo/ncaa/california.png,32,40.3,23.6,56.2,0.42,18.2,38.4,0.473,5.5,17.8,0.308,10.3,14.2,0.727,8.7,26.3,35,10.7,4.9,2.6,11.2,16.5,63.1
https://www.sports-reference.com/cbb/schools/utah/2022.html,Pac-12 Conference,https://cdn.ssref.net/req/202212072/tlogo/ncaa/utah.png,31,40.3,24.3,58,0.419,16.6,35.2,0.473,7.6,22.8,0.335,13.5,17.4,0.774,10.5,25.8,36.3,13.5,4.6,2.9,12.3,16.5,69.7
https://www.sports-reference.com/cbb/schools/oregon-state/2022.html,Pac-12 Conference,https://cdn.ssref.net/req/202212072/tlogo/ncaa/oregon-state.png,31,40.6,25.6,57.9,0.443,20,40.1,0.498,5.7,17.8,0.319,11.3,16,0.709,9,21.8,30.8,12.1,6,3,12.5,17.5,68.3
https://www.sports-reference.com/cbb/schools/kansas/2022.html,Big 12 Conference,https://cdn.ssref.net/req/202212072/tlogo/ncaa/kansas.png,40,40.4,28.6,59.8,0.478,21.5,40,0.536,7.2,19.8,0.361,13.9,19.4,0.717,11,26.9,37.9,15.3,6.3,4.3,12.1,15.9,78.2
https://www.sports-reference.com/cbb/schools/baylor/2022.html,Big 12 Conference,https://cdn.ssref.net/req/202212072/tlogo/ncaa/baylor.png,34,40.3,28.3,61.3,0.462,20.2,37.8,0.536,8.1,23.5,0.343,12.4,17.8,0.697,12.9,24.3,37.2,15.9,8.8,3.4,12.4,16.1,77
https://www.sports-reference.com/cbb/schools/texas-tech/2022.html,Big 12 Conference,https://cdn.ssref.net/req/202212072/tlogo/ncaa/texas-tech.png,37,40.4,26.2,55.5,0.472,20.1,36.6,0.549,6.1,18.9,0.321,13.6,19.5,0.698,10.6,25.9,36.4,13.7,8,3.5,13.5,16.2,72.1
https://www.sports-reference.com/cbb/schools/texas/2022.html,Big 12 Conference,https://cdn.ssref.net/req/202212072/tlogo/ncaa/texas.png,34,40.3,24.5,55.5,0.441,17.9,35.4,0.504,6.6,20,0.33,13.2,17.7,0.746,10.4,22.9,33.3,13.2,7.7,3.4,11.6,17.9,68.8
https://www.sports-reference.com/cbb/schools/texas-christian/2022.html,Big 12 Conference,https://cdn.ssref.net/req/202212072/tlogo/ncaa/texas-christian.png,34,40.3,25.4,57.7,0.439,19.8,39.4,0.503,5.5,18.3,0.302,12.2,18.1,0.674,13,26,39,13.6,6.4,4.1,14.5,15.5,68.5
https://www.sports-reference.com/cbb/schools/oklahoma-state/2022.html,Big 12 Conference,https://cdn.ssref.net/req/202212072/tlogo/ncaa/oklahoma-state.png,30,41,25.1,57.9,0.434,19.8,39.7,0.498,5.4,18.2,0.295,12.7,19.1,0.667,11.6,25.5,37.1,12.7,8.5,5.4,15.1,17.4,68.4
https://www.sports-reference.com/cbb/schools/iowa-state/2022.html,Big 12 Conference,https://cdn.ssref.net/req/202212072/tlogo/ncaa/iowa-state.png,35,40.3,24.3,56.3,0.431,17.6,35.1,0.501,6.7,21.2,0.315,10.4,15.2,0.683,9.6,22.8,32.4,14.7,8.5,3.1,13.8,18.3,65.6
https://www.sports-reference.com/cbb/schools/oklahoma/2022.html,Big 12 Conference,https://cdn.ssref.net/req/202212072/tlogo/ncaa/oklahoma.png,35,40.6,25.3,53.1,0.476,17.7,31.2,0.567,7.6,21.9,0.347,10.9,14.6,0.747,7.7,24.2,31.8,14,7.4,1.9,14.7,15.5,69.1
https://www.sports-reference.com/cbb/schools/kansas-state/2022.html,Big 12 Conference,https://cdn.ssref.net/req/202212072/tlogo/ncaa/kansas-state.png,31,40.3,24.1,57.4,0.42,15.7,33.1,0.475,8.4,24.3,0.346,12.3,17,0.726,8.9,24.4,33.2,12.5,7.3,1.6,11.5,17.1,69
https://www.sports-reference.com/cbb/schools/west-virginia/2022.html,Big 12 Conference,https://cdn.ssref.net/req/202212072/tlogo/ncaa/west-virginia.png,33,40,23.6,57.1,0.413,17.3,37.9,0.457,6.3,19.2,0.328,14.9,20.6,0.724,10.8,21.5,32.2,10.5,7.8,4.5,12.4,17.4,68.5
https://www.sports-reference.com/cbb/schools/wisconsin/2022.html,Big Ten Conference,https://cdn.ssref.net/req/202212072/tlogo/ncaa/wisconsin.png,33,40,24.7,58.5,0.422,18.2,37.4,0.487,6.5,21.1,0.306,14.1,19,0.743,9.3,25.7,35,11.1,5.3,2.9,8.7,16.8,69.9
https://www.sports-reference.com/cbb/schools/illinois/2022.html,Big Ten Conference,https://cdn.ssref.net/req/202212072/tlogo/ncaa/illinois.png,33,40.3,26.2,58.3,0.448,17.2,33.5,0.514,8.9,24.9,0.359,13.2,18.7,0.706,11.5,27,38.5,15.2,5.2,3,12.4,16.3,74.4
https://www.sports-reference.com/cbb/schools/purdue/2022.html,Big Ten Conference,https://cdn.ssref.net/req/202212072/tlogo/ncaa/purdue.png,37,40.4,27.7,56.6,0.49,19.2,34.4,0.558,8.5,22.2,0.384,15.4,21.6,0.711,11.1,27.5,38.7,16.2,4.6,3.5,11.8,14.5,79.4
https://www.sports-reference.com/cbb/schools/iowa/2022.html,Big Ten Conference,https://cdn.ssref.net/req/202212072/tlogo/ncaa/iowa.png,36,40.3,29.8,64.5,0.461,20.6,39.2,0.525,9.2,25.3,0.363,14.5,19.4,0.749,11.9,25.4,37.3,16,7.3,4.3,9.2,16.2,83.2
https://www.sports-reference.com/cbb/schools/ohio-state/2022.html,Big Ten Conference,https://cdn.ssref.net/req/202212072/tlogo/ncaa/ohio-state.png,32,40.3,25.6,54.4,0.471,17.8,32.9,0.54,7.8,21.5,0.365,13.8,18.2,0.757,9,25.6,34.6,12.5,4.5,4.8,11.2,16.4,72.8
https://www.sports-reference.com/cbb/schools/rutgers/2022.html,Big Ten Conference,https://cdn.ssref.net/req/202212072/tlogo/ncaa/rutgers.png,32,40.6,25.8,58,0.445,19.6,39.7,0.494,6.2,18.3,0.339,10.7,15.2,0.7,10.2,25.4,35.7,15.2,7,4,11.5,15.8,68.5
https://www.sports-reference.com/cbb/schools/michigan-state/2022.html,Big Ten Conference,https://cdn.ssref.net/req/202212072/tlogo/ncaa/michigan-state.png,36,40,26.1,57.2,0.456,18.8,37.9,0.496,7.3,19.3,0.378,12.8,17.1,0.75,10.1,26.8,36.9,15.7,5.7,5,12.8,16.9,72.3
https://www.sports-reference.com/cbb/schools/michigan/2022.html,Big Ten Conference,https://cdn.ssref.net/req/202212072/tlogo/ncaa/michigan.png,34,40,26.9,57.6,0.467,20.6,39.1,0.527,6.3,18.5,0.339,12.6,16.9,0.746,9.9,25.8,35.7,14.1,4.7,3.3,11.6,15.2,72.6
https://www.sports-reference.com/cbb/schools/indiana/2022.html,Big Ten Conference,https://cdn.ssref.net/req/202212072/tlogo/ncaa/indiana.png,35,40.4,25.8,56.8,0.454,19.9,39.1,0.509,5.9,17.7,0.333,13.3,19,0.7,9.1,27,36.1,14.6,5.6,4.8,11.8,17.4,70.8
https://www.sports-reference.com/cbb/schools/northwestern/2022.html,Big Ten Conference,https://cdn.ssref.net/req/202212072/tlogo/ncaa/northwestern.png,31,40.6,26.6,62.2,0.427,18.2,38.1,0.478,8.4,24.1,0.347,11.5,15.9,0.719,9.5,26,35.5,15.8,6.5,3.5,9.8,17.6,73
https://www.sports-reference.com/cbb/schools/maryland/2022.html,Big Ten Conference,https://cdn.ssref.net/req/202212072/tlogo/ncaa/maryland.png,32,40.3,24.7,57,0.433,17.8,35.8,0.497,6.9,21.2,0.326,14.7,19.3,0.759,9.5,25.7,35.2,11.6,6.4,3.2,11.4,15.2,70.9
https://www.sports-reference.com/cbb/schools/penn-state/2022.html,Big Ten Conference,https://cdn.ssref.net/req/202212072/tlogo/ncaa/penn-state.png,31,40.5,23.9,55.2,0.432,15.8,31.7,0.499,8,23.5,0.342,8.8,12,0.735,9.3,26.1,35.3,11.9,5.3,2.2,11.8,15.4,64.6
https://www.sports-reference.com/cbb/schools/minnesota/2022.html,Big Ten Conference,https://cdn.ssref.net/req/202212072/tlogo/ncaa/minnesota.png,30,40.3,24.8,56.6,0.438,17,35.4,0.48,7.8,21.2,0.368,9.6,13.4,0.718,6,24.7,30.7,12.6,5.3,2.8,9.2,14.1,67
https://www.sports-reference.com/cbb/schools/nebraska/2022.html,Big Ten Conference,https://cdn.ssref.net/req/202212072/tlogo/ncaa/nebraska.png,32,40.8,26,58.6,0.444,19,36.7,0.518,7,21.9,0.32,14.3,19.5,0.731,7.3,25.8,33.1,12.8,7.2,2.7,12.6,17.4,73.3
https://www.sports-reference.com/cbb/schools/auburn/2022.html,Southeastern Conference,https://cdn.ssref.net/req/202212072/tlogo/ncaa/auburn.png,34,40.6,27.7,63.7,0.435,19.7,38.4,0.513,8.1,25.4,0.318,14.7,20.1,0.731,12.8,27.6,40.4,14.7,8.4,8,12.1,18.5,78.2
https://www.sports-reference.com/cbb/schools/tennessee/2022.html,Southeastern Conference,https://cdn.ssref.net/req/202212072/tlogo/ncaa/tennessee.png,35,40.3,26.1,60.2,0.434,17.4,36,0.485,8.7,24.2,0.36,12.5,17.4,0.715,11.7,25.2,36.9,16.5,9.3,4.3,12.3,16.9,73.5
https://www.sports-reference.com/cbb/schools/kentucky/2022.html,Southeastern Conference,https://cdn.ssref.net/req/202212072/tlogo/ncaa/kentucky.png,34,40.3,30.3,62.7,0.483,24.2,45.2,0.535,6.1,17.5,0.347,12.8,17.6,0.726,13,27.2,40.1,16.1,6.8,4.2,11.6,14.3,79.4
https://www.sports-reference.com/cbb/schools/arkansas/2022.html,Southeastern Conference,https://cdn.ssref.net/req/202212072/tlogo/ncaa/arkansas.png,37,40.3,26.3,60.6,0.434,20,39.8,0.501,6.3,20.7,0.304,17.1,22.5,0.76,10.8,27,37.8,13.8,7.6,4.1,12.2,16.9,75.9
https://www.sports-reference.com/cbb/schools/texas-am/2022.html,Southeastern Conference,https://cdn.ssref.net/req/202212072/tlogo/ncaa/texas-am.png,40,40.5,25.9,58.4,0.443,19.4,38.4,0.504,6.5,20,0.325,14.5,20.6,0.703,12.1,23.4,35.5,13.5,10,3.4,13.1,17.5,72.7
https://www.sports-reference.com/cbb/schools/louisiana-state/2022.html,Southeastern Conference,https://cdn.ssref.net/req/202212072/tlogo/ncaa/louisiana-state.png,34,40.3,25.9,59,0.438,19.4,38.5,0.504,6.5,20.5,0.316,14.4,19.7,0.731,12.1,24.9,37,12.7,11,4.3,14.7,19.1,72.6
https://www.sports-reference.com/cbb/schools/florida/2022.html,Southeastern Conference,https://cdn.ssref.net/req/202212072/tlogo/ncaa/florida.png,34,40.3,24.3,56.9,0.426,16.4,30.9,0.53,7.9,26.1,0.303,14.1,19.2,0.735,11.1,22.6,33.6,12.8,8.4,5,12.4,16,70.6
https://www.sports-reference.com/cbb/schools/south-carolina/2022.html,Southeastern Conference,https://cdn.ssref.net/req/202212072/tlogo/ncaa/south-carolina.png,31,40.2,26.2,61.7,0.424,19.4,40.2,0.482,6.8,21.5,0.316,11.8,17.6,0.671,12.9,25.4,38.3,14,7.8,5.1,15.2,19.4,71
https://www.sports-reference.com/cbb/schools/alabama/2022.html,Southeastern Conference,https://cdn.ssref.net/req/202212072/tlogo/ncaa/alabama.png,33,40.2,27.6,62.8,0.44,18.4,32.9,0.559,9.2,29.9,0.309,15,20.6,0.728,13.4,26.2,39.6,14.7,7.1,4.7,14.5,18.5,79.5
https://www.sports-reference.com/cbb/schools/mississippi-state/2022.html,Southeastern Conference,https://cdn.ssref.net/req/202212072/tlogo/ncaa/mississippi-state.png,34,40.4,25.3,55.6,0.455,20.7,40,0.517,4.6,15.6,0.295,15.3,21.2,0.721,11.3,25,36.3,13.4,7.9,3.3,13.1,15.7,70.5
https://www.sports-reference.com/cbb/schools/vanderbilt/2022.html,Southeastern Conference,https://cdn.ssref.net/req/202212072/tlogo/ncaa/vanderbilt.png,36,40.3,23.6,55.6,0.424,15,30.2,0.495,8.6,25.4,0.34,15,21.5,0.697,9.6,24.7,34.3,11.8,7.3,3.4,13.1,18.1,70.8
https://www.sports-reference.com/cbb/schools/missouri/2022.html,Southeastern Conference,https://cdn.ssref.net/req/202212072/tlogo/ncaa/missouri.png,33,40.2,23.9,56.2,0.426,18.8,37.7,0.497,5.2,18.5,0.281,12.4,16.8,0.736,10.9,24.1,35,12.1,6.5,4.1,14.4,17.8,65.5
https://www.sports-reference.com/cbb/schools/mississippi/2022.html,Southeastern Conference,https://cdn.ssref.net/req/202212072/tlogo/ncaa/mississippi.png,32,40.5,24.8,57,0.435,17.8,35.8,0.499,6.9,21.3,0.326,11.6,16.3,0.711,9.3,24.2,33.4,13.2,7.1,2.8,12.2,15.2,68.1
https://www.sports-reference.com/cbb/schools/georgia/2022.html,Southeastern Conference,https://cdn.ssref.net/req/202212072/tlogo/ncaa/georgia.png,32,40,23.8,53.9,0.442,17.4,34,0.513,6.4,19.9,0.321,15.7,21,0.747,8.4,24.3,32.7,13.9,5.2,2.2,14.4,15,69.8
https://www.sports-reference.com/cbb/schools/middle-tennessee/2022.html,Conference USA,https://cdn.ssref.net/req/202212072/tlogo/ncaa/middle-tennessee.png,37,40.8,26,57.8,0.45,17.9,33.1,0.539,8.2,24.7,0.33,14.7,19.4,0.756,10.3,25,35.3,12.4,8,4.2,12.9,18.4,74.9
https://www.sports-reference.com/cbb/schools/western-kentucky/2022.html,Conference USA,https://cdn.ssref.net/req/202212072/tlogo/ncaa/western-kentucky.png,32,40,27.5,58.9,0.467,19.8,37.2,0.534,7.7,21.7,0.354,12.7,17.8,0.714,8.5,26.9,35.4,13.9,8.5,5.9,12.1,11.3,75.4
https://www.sports-reference.com/cbb/schools/florida-atlantic/2022.html,Conference USA,https://cdn.ssref.net/req/202212072/tlogo/ncaa/florida-atlantic.png,34,40.1,26.7,58.9,0.453,17.9,33.9,0.527,8.8,25,0.352,11.9,16.8,0.712,10.9,25.4,36.3,13.4,7.4,2.9,12.9,16.9,74.1
https://www.sports-reference.com/cbb/schools/charlotte/2022.html,Conference USA,https://cdn.ssref.net/req/202212072/tlogo/ncaa/charlotte.png,31,40,25.2,54.8,0.46,17.7,33,0.536,7.5,21.8,0.345,12.1,15.3,0.792,7.1,24.2,31.3,14,4.8,2.9,11.5,14.1,70
https://www.sports-reference.com/cbb/schools/old-dominion/2022.html,Conference USA,https://cdn.ssref.net/req/202212072/tlogo/ncaa/old-dominion.png,32,40.2,24.6,56.6,0.434,20.2,41.6,0.485,4.4,15,0.294,12.9,19.3,0.672,11.4,25.9,37.3,12.3,6.4,3.3,11.9,15.9,66.5
https://www.sports-reference.com/cbb/schools/florida-international/2022.html,Conference USA,https://cdn.ssref.net/req/202212072/tlogo/ncaa/florida-international.png,32,40.8,25.4,59.1,0.43,15.8,31.6,0.499,9.6,27.5,0.35,10.3,14.7,0.702,9.6,25.4,35,13.8,6.4,4,14,15.4,70.8
https://www.sports-reference.com/cbb/schools/marshall/2022.html,Conference USA,https://cdn.ssref.net/req/202212072/tlogo/ncaa/marshall.png,33,40,27.8,63.8,0.436,20.3,38.7,0.524,7.6,25.2,0.301,10.7,15.2,0.705,10.8,26.4,37.2,14.3,6.8,4.8,13.1,15.5,74
https://www.sports-reference.com/cbb/schools/north-texas/2022.html,Conference USA,https://cdn.ssref.net/req/202212072/tlogo/ncaa/north-texas.png,32,40.3,22.6,51,0.442,14.8,29.4,0.505,7.7,21.6,0.357,12.3,18.8,0.65,10.4,23.7,34.1,11,6.5,2.8,11.4,15.8,65.1
https://www.sports-reference.com/cbb/schools/alabama-birmingham/2022.html,Conference USA,https://cdn.ssref.net/req/202212072/tlogo/ncaa/alabama-birmingham.png,35,40.4,29.6,63.2,0.468,21.7,42.2,0.514,7.9,21,0.376,13.3,18,0.739,12.1,26.1,38.3,12.9,9.5,4.2,11.5,16.5,80.3
https://www.sports-reference.com/cbb/schools/louisiana-tech/2022.html,Conference USA,https://cdn.ssref.net/req/202212072/tlogo/ncaa/louisiana-tech.png,34,40,26.8,58.9,0.455,18.5,34.6,0.536,8.3,24.3,0.34,13.4,18.5,0.725,9.3,26.9,36.2,13.7,6.5,2.1,11.5,14.6,75.2
https://www.sports-reference.com/cbb/schools/texas-el-paso/2022.html,Conference USA,https://cdn.ssref.net/req/202212072/tlogo/ncaa/texas-el-paso.png,34,40.3,24.7,57.4,0.431,17.1,35.6,0.481,7.6,21.8,0.35,12.1,15.9,0.763,8.1,24.1,32.1,12.1,7.4,3.6,11.6,18.1,69.2
https://www.sports-reference.com/cbb/schools/rice/2022.html,Conference USA,https://cdn.ssref.net/req/202212072/tlogo/ncaa/rice.png,33,40.6,26.3,57.3,0.459,17.3,33,0.524,9,24.3,0.37,12.5,17.5,0.715,8.8,26.7,35.6,15.5,5.1,1.8,12.5,13.9,74.1
https://www.sports-reference.com/cbb/schools/texas-san-antonio/2022.html,Conference USA,https://cdn.ssref.net/req/202212072/tlogo/ncaa/texas-san-antonio.png,32,40.2,24.8,62.8,0.396,18.6,41.6,0.447,6.3,21.3,0.294,11.3,16.6,0.682,12.7,25.6,38.3,11.4,5.7,2.5,12.7,16.4,67.3
https://www.sports-reference.com/cbb/schools/southern-mississippi/2022.html,Conference USA,https://cdn.ssref.net/req/202212072/tlogo/ncaa/southern-mississippi.png,33,40.3,24.3,56.5,0.429,18.9,39.4,0.48,5.4,17.1,0.313,10.5,15.3,0.688,8.2,25.3,33.5,12.3,5,2.8,13.3,16,64.4
https://www.sports-reference.com/cbb/schools/davidson/2022.html,Atlantic 10 Conference,https://cdn.ssref.net/req/202212072/tlogo/ncaa/davidson.png,34,40.1,26.7,55.5,0.481,17.9,32.6,0.547,8.9,22.9,0.387,13.2,17.6,0.754,7.4,26.8,34.1,14.6,4.6,2.6,9.8,14.8,75.5
https://www.sports-reference.com/cbb/schools/virginia-commonwealth/2022.html,Atlantic 10 Conference,https://cdn.ssref.net/req/202212072/tlogo/ncaa/virginia-commonwealth.png,32,40.2,24.8,53.8,0.461,19.2,37.6,0.511,5.7,16.3,0.347,11.7,16.7,0.704,8.4,24.1,32.5,13.9,9.2,5.1,15.1,18.7,67.1
https://www.sports-reference.com/cbb/schools/dayton/2022.html,Atlantic 10 Conference,https://cdn.ssref.net/req/202212072/tlogo/ncaa/dayton.png,35,40.1,25.7,53.8,0.478,19.2,35.7,0.538,6.5,18.1,0.361,11.2,16.4,0.683,9.2,26,35.2,14.4,5.5,3.9,12.4,13.9,69.2
https://www.sports-reference.com/cbb/schools/st-bonaventure/2022.html,Atlantic 10 Conference,https://cdn.ssref.net/req/202212072/tlogo/ncaa/st-bonaventure.png,33,40.2,26.3,58.1,0.453,20.2,39.8,0.509,6.1,18.3,0.331,11.3,15.1,0.751,9,24.6,33.6,13.7,6.3,4.8,10.3,13.3,70
https://www.sports-reference.com/cbb/schools/saint-louis/2022.html,Atlantic 10 Conference,https://cdn.ssref.net/req/202212072/tlogo/ncaa/saint-louis.png,35,40.4,27.4,59.7,0.458,20.6,41.4,0.498,6.7,18.3,0.369,14.7,19.3,0.763,11.9,26.7,38.6,14.8,6.4,3.1,12.9,17.9,76.2
https://www.sports-reference.com/cbb/schools/richmond/2022.html,Atlantic 10 Conference,https://cdn.ssref.net/req/202212072/tlogo/ncaa/richmond.png,37,40.3,25.2,57.1,0.442,17.4,33.3,0.523,7.8,23.8,0.329,12.7,17.7,0.718,7.6,24.7,32.3,14.5,7.6,2.4,9.8,13.9,71
https://www.sports-reference.com/cbb/schools/george-washington/2022.html,Atlantic 10 Conference,https://cdn.ssref.net/req/202212072/tlogo/ncaa/george-washington.png,30,40.5,25.3,59,0.428,18.1,37.8,0.479,7.1,21.1,0.338,10.7,15.3,0.698,8.3,25,33.3,12.3,6.9,4.2,12.6,17.1,68.4
https://www.sports-reference.com/cbb/schools/fordham/2022.html,Atlantic 10 Conference,https://cdn.ssref.net/req/202212072/tlogo/ncaa/fordham.png,32,40.6,23,58.4,0.394,15.6,33.5,0.467,7.4,25,0.297,12.6,17.4,0.727,10.2,26.6,36.8,11.8,7.3,3.7,13.2,17.7,66.1
https://www.sports-reference.com/cbb/schools/george-mason/2022.html,Atlantic 10 Conference,https://cdn.ssref.net/req/202212072/tlogo/ncaa/george-mason.png,30,40.8,25,56.2,0.446,15.7,30.1,0.522,9.3,26.1,0.358,11.3,16.3,0.694,8.3,26.5,34.7,14.1,5.1,3.2,12.2,16,70.7
https://www.sports-reference.com/cbb/schools/massachusetts/2022.html,Atlantic 10 Conference,https://cdn.ssref.net/req/202212072/tlogo/ncaa/massachusetts.png,32,40.5,25.7,59.4,0.433,16.2,33.8,0.48,9.5,25.6,0.371,14.8,19.5,0.758,10.5,23.3,33.7,13.7,6.5,2.6,11.6,17.1,75.7
https://www.sports-reference.com/cbb/schools/rhode-island/2022.html,Atlantic 10 Conference,https://cdn.ssref.net/req/202212072/tlogo/ncaa/rhode-island.png,31,40,24.8,54.4,0.456,19.5,38.5,0.505,5.4,15.9,0.337,12.2,19.6,0.62,9.6,26.6,36.3,13.5,7.4,6,14.3,17.2,67.1
https://www.sports-reference.com/cbb/schools/la-salle/2022.html,Atlantic 10 Conference,https://cdn.ssref.net/req/202212072/tlogo/ncaa/la-salle.png,30,40.5,24.8,59.9,0.414,17.1,36,0.476,7.6,23.9,0.319,10.3,15,0.687,10.8,25.6,36.5,13.4,5.9,4.3,13.1,17.2,67.5
https://www.sports-reference.com/cbb/schools/saint-josephs/2022.html,Atlantic 10 Conference,https://cdn.ssref.net/req/202212072/tlogo/ncaa/saint-josephs.png,30,40.3,24.9,59.1,0.421,16,32.6,0.49,8.9,26.6,0.336,8.9,13.6,0.654,9.7,27.9,37.6,13.5,4.9,2.5,13.5,16.1,67.6
https://www.sports-reference.com/cbb/schools/duquesne/2022.html,Atlantic 10 Conference,https://cdn.ssref.net/req/202212072/tlogo/ncaa/duquesne.png,30,40.7,24.7,61.4,0.403,18.5,40.9,0.452,6.2,20.5,0.305,9.5,13.4,0.707,11.4,22.7,34.1,10,6.6,4.4,11.5,13.9,65.2
https://www.sports-reference.com/cbb/schools/gonzaga/2022.html,West Coast Conference,https://cdn.ssref.net/req/202212072/tlogo/ncaa/gonzaga.png,32,40,32.7,62.6,0.521,24.5,40.5,0.604,8.2,22.1,0.37,13.7,19.2,0.713,9.7,32.3,41.9,18.1,6.4,5.8,11.6,15.5,87.2
https://www.sports-reference.com/cbb/schools/saint-marys-ca/2022.html,West Coast Conference,https://cdn.ssref.net/req/202212072/tlogo/ncaa/saint-marys-ca.png,34,40,26.1,56.3,0.464,18.9,35.9,0.527,7.2,20.5,0.353,10.2,13.5,0.758,8.6,25.1,33.7,13.5,6.9,2.5,11.2,15.6,69.7
https://www.sports-reference.com/cbb/schools/santa-clara/2022.html,West Coast Conference,https://cdn.ssref.net/req/202212072/tlogo/ncaa/santa-clara.png,33,40.2,28.8,59.4,0.484,21.6,40.4,0.535,7.2,19.1,0.378,12.5,16.4,0.762,7.5,28.1,35.5,15.1,6,3.8,11.5,15,77.3
https://www.sports-reference.com/cbb/schools/san-francisco/2022.html,West Coast Conference,https://cdn.ssref.net/req/202212072/tlogo/ncaa/san-francisco.png,34,40.1,27.8,60.7,0.457,18.1,33.2,0.546,9.6,27.5,0.35,12.2,17.6,0.694,10.6,27.2,37.9,13,7.7,4.6,12.8,18.1,77.4
https://www.sports-reference.com/cbb/schools/brigham-young/2022.html,West Coast Conference,https://cdn.ssref.net/req/202212072/tlogo/ncaa/brigham-young.png,35,40.3,27.4,60,0.457,19.4,37.4,0.52,8,22.7,0.353,11.4,15.9,0.718,10.7,28.6,39.3,14.7,4.8,3.2,12.6,17.7,74.3
https://www.sports-reference.com/cbb/schools/portland/2022.html,West Coast Conference,https://cdn.ssref.net/req/202212072/tlogo/ncaa/portland.png,34,40.1,25.2,57.7,0.437,17.5,35.6,0.491,7.8,22.2,0.35,16,20.2,0.791,8.2,28,36.2,14.3,5.1,2.5,13.2,16.4,74.2
https://www.sports-reference.com/cbb/schools/san-diego/2022.html,West Coast Conference,https://cdn.ssref.net/req/202212072/tlogo/ncaa/san-diego.png,31,40.3,24.8,58,0.428,19.4,41.6,0.465,5.5,16.4,0.335,10.7,14.9,0.715,9.6,26.3,35.9,9.9,5.1,3.7,12.5,15.9,65.8
https://www.sports-reference.com/cbb/schools/pacific/2022.html,West Coast Conference,https://cdn.ssref.net/req/202212072/tlogo/ncaa/pacific.png,30,40.2,23.7,57,0.415,17.6,37.9,0.464,6.1,19.1,0.318,12.5,18.2,0.686,8.1,24.8,32.8,11.4,6.4,2.6,12.3,16.5,65.9
https://www.sports-reference.com/cbb/schools/loyola-marymount/2022.html,West Coast Conference,https://cdn.ssref.net/req/202212072/tlogo/ncaa/loyola-marymount.png,29,40.3,24.8,54.5,0.454,17.5,33.5,0.523,7.2,21,0.345,12.6,17.4,0.719,7.9,21.8,29.7,11.1,5.4,1.7,13.3,17.8,69.3
https://www.sports-reference.com/cbb/schools/pepperdine/2022.html,West Coast Conference,https://cdn.ssref.net/req/202212072/tlogo/ncaa/pepperdine.png,32,40.3,25.3,60.5,0.418,18.1,39.2,0.461,7.3,21.3,0.34,10.3,14.4,0.718,9.9,24.6,34.5,14.8,5.7,2.3,14.7,17.9,68.2
https://www.sports-reference.com/cbb/schools/houston/2022.html,American Athletic Conference,https://cdn.ssref.net/req/202212072/tlogo/ncaa/houston.png,38,40.4,27.7,59.7,0.465,19.9,36.5,0.545,7.8,23.2,0.338,11.5,17.3,0.667,13.3,25.7,39,16.2,8,5.2,11.1,17.2,74.8
https://www.sports-reference.com/cbb/schools/southern-methodist/2022.html,American Athletic Conference,https://cdn.ssref.net/req/202212072/tlogo/ncaa/southern-methodist.png,33,40.2,25.1,56.9,0.44,16.6,32.9,0.504,8.5,24,0.354,15.2,20.3,0.75,9.5,28.3,37.8,13.8,6.3,4.3,12.3,15.2,73.8
https://www.sports-reference.com/cbb/schools/memphis/2022.html,American Athletic Conference,https://cdn.ssref.net/req/202212072/tlogo/ncaa/memphis.png,33,40,26.9,57.4,0.469,20.7,39.9,0.519,6.2,17.5,0.355,15.1,21.7,0.694,12.5,26.3,38.8,15.8,8.4,5.5,16,18.8,75.2
https://www.sports-reference.com/cbb/schools/temple/2022.html,American Athletic Conference,https://cdn.ssref.net/req/202212072/tlogo/ncaa/temple.png,29,40.3,22.4,56.7,0.395,15.7,35,0.447,6.7,21.7,0.311,15.3,22.5,0.679,12.3,26.5,38.8,11.8,6.8,4.7,12.6,18.4,66.8
https://www.sports-reference.com/cbb/schools/tulane/2022.html,American Athletic Conference,https://cdn.ssref.net/req/202212072/tlogo/ncaa/tulane.png,29,40.5,25.3,57.3,0.442,17.2,35.2,0.49,8.1,22.1,0.365,14.4,19.1,0.756,6.7,24.9,31.6,13.5,7.9,3.3,10.5,16.1,73.1
https://www.sports-reference.com/cbb/schools/central-florida/2022.html,American Athletic Conference,https://cdn.ssref.net/req/202212072/tlogo/ncaa/central-florida.png,30,40.2,24.7,58.3,0.423,15.9,33.1,0.479,8.8,25.1,0.35,11.7,16.6,0.703,11.1,24.2,35.2,14.5,7,3.7,13,15.7,69.8
https://www.sports-reference.com/cbb/schools/wichita-state/2022.html,American Athletic Conference,https://cdn.ssref.net/req/202212072/tlogo/ncaa/wichita-state.png,28,40.5,23.5,58.4,0.403,16,34.2,0.467,7.5,24.2,0.312,13.9,18.5,0.753,11.9,25.2,37.1,12,7.5,4.6,12.9,15.9,68.5
https://www.sports-reference.com/cbb/schools/cincinnati/2022.html,American Athletic Conference,https://cdn.ssref.net/req/202212072/tlogo/ncaa/cincinnati.png,33,40,24.6,61,0.404,16.5,35.1,0.469,8.2,25.8,0.315,12.1,18,0.669,11.5,25.7,37.2,13.1,6.3,3.8,10.5,17.5,69.4
https://www.sports-reference.com/cbb/schools/east-carolina/2022.html,American Athletic Conference,https://cdn.ssref.net/req/202212072/tlogo/ncaa/east-carolina.png,30,40.3,23.3,57.5,0.406,15.8,34.9,0.453,7.5,22.5,0.333,14.5,19.3,0.754,10,25.2,35.2,14.7,6.8,3.1,13,16.2,68.8
https://www.sports-reference.com/cbb/schools/tulsa/2022.html,American Athletic Conference,https://cdn.ssref.net/req/202212072/tlogo/ncaa/tulsa.png,31,40,24,55.4,0.434,17.2,35.4,0.485,6.8,20,0.342,12.5,17.2,0.726,9,23.6,32.6,11.8,6.8,2.2,12.8,16,67.4
https://www.sports-reference.com/cbb/schools/south-florida/2022.html,American Athletic Conference,https://cdn.ssref.net/req/202212072/tlogo/ncaa/south-florida.png,31,40,21.6,57.7,0.374,17.2,40.1,0.428,4.5,17.6,0.252,9.8,14.7,0.666,11.3,24.6,35.9,10.9,6.2,3.7,12.5,17.1,57.5
https://www.sports-reference.com/cbb/schools/chattanooga/2022.html,Southern Conference,https://cdn.ssref.net/req/202212072/tlogo/ncaa/chattanooga.png,35,40.3,27.3,58.8,0.464,19.4,36,0.54,7.9,22.9,0.345,11.7,15.6,0.746,10.8,25.3,36.1,12.8,7.2,2.1,11,15.6,74.2
https://www.sports-reference.com/cbb/schools/furman/2022.html,Southern Conference,https://cdn.ssref.net/req/202212072/tlogo/ncaa/furman.png,34,40.9,27.8,59.9,0.464,16,28.9,0.553,11.8,31,0.38,10.3,13.6,0.757,9.3,23.8,33.1,17.4,8.3,3.5,10.5,14.6,77.6
https://www.sports-reference.com/cbb/schools/samford/2022.html,Southern Conference,https://cdn.ssref.net/req/202212072/tlogo/ncaa/samford.png,32,40.3,26.8,60,0.446,18,33.9,0.53,8.8,26.1,0.336,12.4,17,0.73,10.6,25,35.6,12.8,7.4,2.9,13.8,17.6,74.7
https://www.sports-reference.com/cbb/schools/wofford/2022.html,Southern Conference,https://cdn.ssref.net/req/202212072/tlogo/ncaa/wofford.png,32,40.2,25.6,54.9,0.465,16.1,28.3,0.568,9.5,26.6,0.356,12,15.8,0.758,8.5,22.7,31.2,13.3,6.9,1.5,11.6,15.2,72.6
https://www.sports-reference.com/cbb/schools/north-carolina-greensboro/2022.html,Southern Conference,https://cdn.ssref.net/req/202212072/tlogo/ncaa/north-carolina-greensboro.png,32,40.5,23.4,54.4,0.431,16.1,33,0.488,7.3,21.4,0.342,10.9,15.1,0.721,10.9,24.1,35,12.1,6.4,1.6,13,15.3,65.1
https://www.sports-reference.com/cbb/schools/virginia-military-institute/2022.html,Southern Conference,https://cdn.ssref.net/req/202212072/tlogo/ncaa/virginia-military-institute.png,32,40.5,27.4,59.6,0.459,14.9,26.8,0.555,12.5,32.8,0.381,11.8,14.9,0.792,8.3,28.1,36.3,16,4.8,2.7,11.6,14.9,79
https://www.sports-reference.com/cbb/schools/mercer/2022.html,Southern Conference,https://cdn.ssref.net/req/202212072/tlogo/ncaa/mercer.png,33,40.3,25.1,54.9,0.457,17,31.7,0.535,8.1,23.2,0.351,12.2,15.8,0.77,7.9,25.1,32.9,14.3,6.2,3,12.4,15.2,70.5
https://www.sports-reference.com/cbb/schools/east-tennessee-state/2022.html,Southern Conference,https://cdn.ssref.net/req/202212072/tlogo/ncaa/east-tennessee-state.png,32,40.2,26.7,60,0.444,17.9,35,0.511,8.8,25.1,0.35,10,13.8,0.725,10.9,23.9,34.8,13.1,6.8,2.8,11.3,14.8,72.1
https://www.sports-reference.com/cbb/schools/citadel/2022.html,Southern Conference,https://cdn.ssref.net/req/202212072/tlogo/ncaa/citadel.png,31,40.8,27,60.8,0.445,16.3,30.5,0.535,10.7,30.3,0.354,12,17.9,0.672,9.3,28,37.3,16.1,4.7,3.6,12.2,15.3,76.8
https://www.sports-reference.com/cbb/schools/western-carolina/2022.html,Southern Conference,https://cdn.ssref.net/req/202212072/tlogo/ncaa/western-carolina.png,32,40.5,24.6,61.3,0.402,14.6,29.9,0.487,10,31.3,0.319,11.5,17,0.673,11.5,26.1,37.5,12.9,4.9,2.4,12.4,17,70.7
https://www.sports-reference.com/cbb/schools/northern-iowa/2022.html,Missouri Valley Conference,https://cdn.ssref.net/req/202212072/tlogo/ncaa/northern-iowa.png,32,40.8,25.7,56,0.459,17,31.6,0.539,8.7,24.4,0.355,14.3,18.2,0.789,6.8,25.9,32.6,11.8,5.8,1.4,11.1,13.9,74.5
https://www.sports-reference.com/cbb/schools/loyola-il/2022.html,Missouri Valley Conference,https://cdn.ssref.net/req/202212072/tlogo/ncaa/loyola-il.png,33,40.6,25.9,54.4,0.476,17,31,0.55,8.9,23.4,0.379,12.1,17,0.712,7.8,26.1,33.9,14.9,6.9,2.4,12.2,17.2,72.8
https://www.sports-reference.com/cbb/schools/drake/2022.html,Missouri Valley Conference,https://cdn.ssref.net/req/202212072/tlogo/ncaa/drake.png,36,40.8,27.2,59.1,0.46,20.2,38.6,0.522,7,20.4,0.344,12.5,16.5,0.755,9.9,24.8,34.7,11.9,7,3.2,10.8,17,73.9
https://www.sports-reference.com/cbb/schools/missouri-state/2022.html,Missouri Valley Conference,https://cdn.ssref.net/req/202212072/tlogo/ncaa/missouri-state.png,34,40.3,28.1,58.2,0.482,19.7,36,0.548,8.3,22.2,0.374,12.9,16.1,0.797,8.1,27.2,35.3,12.1,5.3,3.3,10.6,15.4,77.3
https://www.sports-reference.com/cbb/schools/bradley/2022.html,Missouri Valley Conference,https://cdn.ssref.net/req/202212072/tlogo/ncaa/bradley.png,31,40.2,25.8,58.1,0.444,18,35,0.514,7.8,23,0.338,11.2,16.2,0.689,11.2,27.6,38.8,13.5,6.4,4.6,13.5,17,70.5
https://www.sports-reference.com/cbb/schools/southern-illinois/2022.html,Missouri Valley Conference,https://cdn.ssref.net/req/202212072/tlogo/ncaa/southern-illinois.png,31,40,23,51.6,0.446,15.3,29.8,0.512,7.7,21.8,0.354,10.3,15,0.69,7,23.4,30.4,12,5.5,2.1,11.4,15.3,64
https://www.sports-reference.com/cbb/schools/valparaiso/2022.html,Missouri Valley Conference,https://cdn.ssref.net/req/202212072/tlogo/ncaa/valparaiso.png,32,41.3,26.1,56.9,0.459,18.9,35.3,0.537,7.2,21.6,0.332,11.3,14.9,0.759,5.4,26.9,32.3,12.5,6.4,3,11.1,13.5,70.8
https://www.sports-reference.com/cbb/schools/illinois-state/2022.html,Missouri Valley Conference,https://cdn.ssref.net/req/202212072/tlogo/ncaa/illinois-state.png,33,41.1,26.3,58.4,0.451,18.5,37,0.5,7.8,21.4,0.367,13.6,18.3,0.745,9.7,25.5,35.3,12.3,6.8,4.7,13.8,17.4,74.2
https://www.sports-reference.com/cbb/schools/indiana-state/2022.html,Missouri Valley Conference,https://cdn.ssref.net/req/202212072/tlogo/ncaa/indiana-state.png,31,40.8,25,56.7,0.441,16.3,30.6,0.533,8.7,26.1,0.333,11.7,15,0.778,6.2,27.8,34,13.1,6,1.9,13.2,15.2,70.5
https://www.sports-reference.com/cbb/schools/evansville/2022.html,Missouri Valley Conference,https://cdn.ssref.net/req/202212072/tlogo/ncaa/evansville.png,30,40.8,21,52.7,0.398,12.8,27.9,0.458,8.2,24.8,0.33,9.1,12.8,0.708,4.8,22.4,27.2,10.5,5.9,2,11.2,14.7,59.2
https://www.sports-reference.com/cbb/schools/providence/2022.html,Big East Conference,https://cdn.ssref.net/req/202212072/tlogo/ncaa/providence.png,33,40.8,24.5,56.3,0.435,17.1,34.9,0.49,7.4,21.4,0.344,15.2,20.8,0.728,10.5,27.1,37.6,13.2,5,3.7,11.4,16,71.5
https://www.sports-reference.com/cbb/schools/villanova/2022.html,Big East Conference,https://cdn.ssref.net/req/202212072/tlogo/ncaa/villanova.png,38,40.1,24.3,56.1,0.432,14.9,30.1,0.495,9.3,26,0.359,13.9,16.7,0.83,10.3,24.5,34.8,11.9,6,2.2,9.9,14.9,71.7
https://www.sports-reference.com/cbb/schools/connecticut/2022.html,Big East Conference,https://cdn.ssref.net/req/202212072/tlogo/ncaa/connecticut.png,33,40.8,26.7,61.2,0.435,19.2,40.1,0.48,7.4,21.1,0.352,14.1,18.7,0.753,13.8,26.6,40.4,14,5.9,6.4,11.8,16.8,74.8
https://www.sports-reference.com/cbb/schools/creighton/2022.html,Big East Conference,https://cdn.ssref.net/req/202212072/tlogo/ncaa/creighton.png,35,40.4,25.6,57.2,0.448,18.9,35.4,0.533,6.7,21.8,0.308,11.3,15.3,0.738,9.6,28.5,38.1,13.3,5.5,4.3,14.1,13.6,69.2
https://www.sports-reference.com/cbb/schools/seton-hall/2022.html,Big East Conference,https://cdn.ssref.net/req/202212072/tlogo/ncaa/seton-hall.png,32,40.2,25.3,60.2,0.42,17.9,38.5,0.466,7.3,21.6,0.338,14.1,18.8,0.753,12.1,26.4,38.5,10.3,7.1,5.4,12.1,15.6,71.9
https://www.sports-reference.com/cbb/schools/marquette/2022.html,Big East Conference,https://cdn.ssref.net/req/202212072/tlogo/ncaa/marquette.png,32,40.3,26.9,59.8,0.45,18.3,34.8,0.526,8.6,25,0.344,11.6,15.7,0.741,7.8,26.9,34.8,16,7.8,5.2,12.4,17.4,74
https://www.sports-reference.com/cbb/schools/xavier/2022.html,Big East Conference,https://cdn.ssref.net/req/202212072/tlogo/ncaa/xavier.png,36,40.6,26.5,58.7,0.451,19.8,37.8,0.522,6.7,20.9,0.322,14.4,20.7,0.698,10.3,26.8,37.1,14.8,7.5,4.3,11.7,15.4,74.1
https://www.sports-reference.com/cbb/schools/st-johns-ny/2022.html,Big East Conference,https://cdn.ssref.net/req/202212072/tlogo/ncaa/st-johns-ny.png,32,40.3,30.3,66.8,0.453,23,45.2,0.51,7.3,21.6,0.335,11.8,17.4,0.677,12,25.9,37.8,18.8,8.8,5.5,11.9,17.9,79.6
https://www.sports-reference.com/cbb/schools/depaul/2022.html,Big East Conference,https://cdn.ssref.net/req/202212072/tlogo/ncaa/depaul.png,31,40.2,26.3,60.7,0.433,19.7,40,0.494,6.6,20.8,0.317,14.1,20.3,0.693,11.8,26.7,38.5,11.4,6.2,5,12.3,15.7,73.3
https://www.sports-reference.com/cbb/schools/butler/2022.html,Big East Conference,https://cdn.ssref.net/req/202212072/tlogo/ncaa/butler.png,33,40.5,22.7,54.5,0.416,15.8,31.8,0.496,6.9,22.8,0.305,11.5,16.5,0.696,9,23.8,32.8,11,5.2,2.4,12,16.7,63.8
https://www.sports-reference.com/cbb/schools/georgetown/2022.html,Big East Conference,https://cdn.ssref.net/req/202212072/tlogo/ncaa/georgetown.png,31,40,24.8,62.1,0.4,17.2,39.7,0.433,7.6,22.4,0.342,13.4,18,0.744,12.7,24.5,37.3,11.8,7.2,3.8,13.4,16.2,70.7
https://www.sports-reference.com/cbb/schools/duke/2022.html,Atlantic Coast Conference,https://cdn.ssref.net/req/202212072/tlogo/ncaa/duke.png,39,40.1,29.7,60.4,0.491,21.8,38.9,0.561,7.9,21.6,0.366,12.8,17.3,0.738,10.5,27.4,37.9,16.5,6.4,5.6,10.3,13.6,80.1
https://www.sports-reference.com/cbb/schools/north-carolina/2022.html,Atlantic Coast Conference,https://cdn.ssref.net/req/202212072/tlogo/ncaa/north-carolina.png,39,40.4,27.6,61.8,0.447,19.2,38.3,0.501,8.4,23.5,0.358,14.3,18.7,0.764,11.5,29.8,41.3,14.9,5.2,3.9,11.7,14.5,77.9
https://www.sports-reference.com/cbb/schools/notre-dame/2022.html,Atlantic Coast Conference,https://cdn.ssref.net/req/202212072/tlogo/ncaa/notre-dame.png,35,40.6,26.1,56.4,0.463,17,32.5,0.522,9.1,23.8,0.381,11.3,15,0.753,7.2,26.8,34,14,5.2,1.9,10.4,12.7,72.6
https://www.sports-reference.com/cbb/schools/miami-fl/2022.html,Atlantic Coast Conference,https://cdn.ssref.net/req/202212072/tlogo/ncaa/miami-fl.png,37,40.1,27.3,57.7,0.473,20.4,37.2,0.548,6.9,20.5,0.339,12.4,16.6,0.742,7.3,23.3,30.6,14.1,8.9,3.2,9.5,14.9,73.9
https://www.sports-reference.com/cbb/schools/wake-forest/2022.html,Atlantic Coast Conference,https://cdn.ssref.net/req/202212072/tlogo/ncaa/wake-forest.png,35,40.6,27.9,57.9,0.483,19.5,33.3,0.585,8.5,24.6,0.344,14.2,19.5,0.73,8.7,28.1,36.8,15.1,6.5,3.9,13.9,16,78.5
https://www.sports-reference.com/cbb/schools/virginia/2022.html,Atlantic Coast Conference,https://cdn.ssref.net/req/202212072/tlogo/ncaa/virginia.png,35,40.1,23.3,52,0.449,18.3,36.4,0.503,5,15.6,0.323,10.7,14.6,0.73,8.6,22.8,31.3,14.1,5.7,4.3,9.7,13.7,62.4
https://www.sports-reference.com/cbb/schools/virginia-tech/2022.html,Atlantic Coast Conference,https://cdn.ssref.net/req/202212072/tlogo/ncaa/virginia-tech.png,36,40.1,25.9,55,0.471,17.1,32.4,0.526,8.9,22.6,0.392,10.1,13.5,0.751,8.5,23.5,32,14.3,5.3,3.2,10.9,14.9,70.8
https://www.sports-reference.com/cbb/schools/florida-state/2022.html,Atlantic Coast Conference,https://cdn.ssref.net/req/202212072/tlogo/ncaa/florida-state.png,31,40.3,25.8,59.4,0.434,19.1,39.2,0.487,6.7,20.3,0.331,12.7,18,0.708,11.4,23.5,34.9,14.4,8.5,4.9,12.5,16.3,71
https://www.sports-reference.com/cbb/schools/syracuse/2022.html,Atlantic Coast Conference,https://cdn.ssref.net/req/202212072/tlogo/ncaa/syracuse.png,33,40.8,27.7,61.5,0.451,18.6,37.4,0.498,9.1,24.1,0.377,12.8,17.4,0.737,10.6,25.7,36.3,14.6,7,3.8,10.7,14.2,77.4
https://www.sports-reference.com/cbb/schools/clemson/2022.html,Atlantic Coast Conference,https://cdn.ssref.net/req/202212072/tlogo/ncaa/clemson.png,33,40.3,25.8,56.6,0.456,18,35.2,0.512,7.8,21.4,0.363,12.4,16.8,0.736,8.5,26.1,34.6,14.2,5.9,2.3,11,15.8,71.7
https://www.sports-reference.com/cbb/schools/louisville/2022.html,Atlantic Coast Conference,https://cdn.ssref.net/req/202212072/tlogo/ncaa/louisville.png,32,40.3,24.8,58.8,0.422,17.2,34,0.505,7.7,24.8,0.309,9.9,14.8,0.674,10,26.5,36.5,11.9,6.1,2.4,12.2,17.2,67.3
https://www.sports-reference.com/cbb/schools/boston-college/2022.html,Atlantic Coast Conference,https://cdn.ssref.net/req/202212072/tlogo/ncaa/boston-college.png,33,40.6,24.6,57.5,0.428,18.8,38.9,0.485,5.8,18.6,0.309,12,17,0.704,10.7,23.6,34.2,12.4,7.2,2.9,11.9,15.6,66.9
https://www.sports-reference.com/cbb/schools/pittsburgh/2022.html,Atlantic Coast Conference,https://cdn.ssref.net/req/202212072/tlogo/ncaa/pittsburgh.png,32,40,21.1,50.9,0.414,15.7,33.8,0.465,5.4,17.1,0.314,14,20.1,0.696,9.9,23.9,33.8,11,5.4,3.8,13.6,15.3,61.5
https://www.sports-reference.com/cbb/schools/georgia-tech/2022.html,Atlantic Coast Conference,https://cdn.ssref.net/req/202212072/tlogo/ncaa/georgia-tech.png,32,40.6,25.7,58.3,0.441,18.6,38.1,0.488,7.1,20.2,0.353,10,14.4,0.698,8.9,25.1,34,13.7,7.8,2.6,13.1,18,68.6
https://www.sports-reference.com/cbb/schools/north-carolina-state/2022.html,Atlantic Coast Conference,https://cdn.ssref.net/req/202212072/tlogo/ncaa/north-carolina-state.png,32,40.8,25.8,62.4,0.413,17.4,37.9,0.459,8.3,24.5,0.341,13.2,18.2,0.725,11.8,23.1,34.8,11.3,7,3.7,10,16.5,73
https://www.sports-reference.com/cbb/schools/seattle/2022.html,Western Athletic Conference,https://cdn.ssref.net/req/202212072/tlogo/ncaa/seattle.png,32,40.2,25.9,62.2,0.417,16.3,33.7,0.482,9.7,28.4,0.34,13.3,17.4,0.766,10,27.6,37.6,13.6,6.9,3.6,11.6,20.5,74.8
https://www.sports-reference.com/cbb/schools/stephen-f-austin/2022.html,Western Athletic Conference,https://cdn.ssref.net/req/202212072/tlogo/ncaa/stephen-f-austin.png,32,40.2,27.4,57.8,0.474,21.5,39.9,0.539,5.9,17.9,0.33,13.8,20.4,0.678,11.6,23.7,35.2,15,9.1,4.1,16.4,19.7,74.5
https://www.sports-reference.com/cbb/schools/new-mexico-state/2022.html,Western Athletic Conference,https://cdn.ssref.net/req/202212072/tlogo/ncaa/new-mexico-state.png,34,40.1,25.6,56.3,0.454,17.7,32.4,0.546,7.9,23.9,0.33,13.5,19.2,0.702,10.9,27.3,38.2,13.7,5,4.1,14.1,15.9,72.5
https://www.sports-reference.com/cbb/schools/sam-houston-state/2022.html,Western Athletic Conference,https://cdn.ssref.net/req/202212072/tlogo/ncaa/sam-houston-state.png,33,40.2,25.6,60.1,0.426,16.9,34.8,0.487,8.7,25.4,0.343,8.9,14.7,0.605,10.5,26.9,37.4,14.1,7.6,2.5,12.6,18,68.8
https://www.sports-reference.com/cbb/schools/grand-canyon/2022.html,Western Athletic Conference,https://cdn.ssref.net/req/202212072/tlogo/ncaa/grand-canyon.png,31,40,25.3,58.8,0.43,17.1,35.5,0.482,8.2,23.2,0.351,12.4,18.2,0.679,12.7,27.6,40.3,12.8,6.6,2.2,13,17.7,71.1
https://www.sports-reference.com/cbb/schools/abilene-christian/2022.html,Western Athletic Conference,https://cdn.ssref.net/req/202212072/tlogo/ncaa/abilene-christian.png,36,40.6,26.3,60,0.438,19.4,38.5,0.504,6.9,21.5,0.32,17.3,22.9,0.754,10.4,21.6,32.1,14.9,10.9,1.9,12.6,22.3,76.7
https://www.sports-reference.com/cbb/schools/utah-valley/2022.html,Western Athletic Conference,https://cdn.ssref.net/req/202212072/tlogo/ncaa/utah-valley.png,32,40.8,24.9,54.9,0.454,18.6,37.7,0.492,6.4,17.2,0.37,15,21,0.714,10.9,29.6,40.5,14.8,5.5,4.5,15.5,16.8,71.2
https://www.sports-reference.com/cbb/schools/tarleton-state/2022.html,Western Athletic Conference,https://cdn.ssref.net/req/202212072/tlogo/ncaa/tarleton-state.png,31,40.2,22.7,54.3,0.419,17.7,37.8,0.468,5,16.5,0.305,14.1,18.6,0.754,9.4,21.1,30.5,11.3,7.6,2.2,12.2,18.1,64.6
https://www.sports-reference.com/cbb/schools/california-baptist/2022.html,Western Athletic Conference,https://cdn.ssref.net/req/202212072/tlogo/ncaa/california-baptist.png,34,40.1,24.4,55.9,0.437,16.4,31.9,0.516,8,24,0.333,13.8,20.4,0.673,10,27.1,37.1,15.9,5.2,2.7,13.9,18.4,70.6
https://www.sports-reference.com/cbb/schools/dixie-state/2022.html,Western Athletic Conference,https://cdn.ssref.net/req/202212072/tlogo/ncaa/dixie-state.png,31,40.2,25.6,60.2,0.426,18.6,37.7,0.493,7.1,22.5,0.314,14.1,20.8,0.679,10.7,27.7,38.5,15.5,6.7,2.4,15,18.8,72.5
https://www.sports-reference.com/cbb/schools/texas-pan-american/2022.html,Western Athletic Conference,https://cdn.ssref.net/req/202212072/tlogo/ncaa/texas-pan-american.png,31,40,24.5,55.5,0.441,18.2,34.8,0.522,6.3,20.8,0.304,16.1,23.1,0.695,8.7,25.8,34.5,12.2,5.2,3.2,15.4,20,71.4
https://www.sports-reference.com/cbb/schools/chicago-state/2022.html,Western Athletic Conference,https://cdn.ssref.net/req/202212072/tlogo/ncaa/chicago-state.png,32,40,21.9,56,0.391,14.3,31.5,0.454,7.6,24.5,0.31,10.8,16.4,0.654,11.5,21.9,33.3,9.5,5.5,2.3,14.8,19.7,62.1
https://www.sports-reference.com/cbb/schools/lamar/2022.html,Western Athletic Conference,https://cdn.ssref.net/req/202212072/tlogo/ncaa/lamar.png,29,40,22.9,57,0.401,17.7,39.5,0.447,5.2,17.5,0.299,10.3,14.9,0.688,11,23.8,34.8,11.1,5.8,3,14.6,18.8,61.3
https://www.sports-reference.com/cbb/schools/toledo/2022.html,Mid-American Conference,https://cdn.ssref.net/req/202212072/tlogo/ncaa/toledo.png,34,40,29.9,62.4,0.479,23,42.9,0.536,6.9,19.5,0.354,13.2,17.5,0.754,10.6,29.3,39.9,15.3,5.5,2.8,10.2,15.1,79.9
https://www.sports-reference.com/cbb/schools/kent-state/2022.html,Mid-American Conference,https://cdn.ssref.net/req/202212072/tlogo/ncaa/kent-state.png,34,40,25.1,56.8,0.441,17.5,34.1,0.513,7.6,22.7,0.333,13.6,18.2,0.746,10.4,25.5,35.9,12.4,7.1,3.4,12.2,18.1,71.3
https://www.sports-reference.com/cbb/schools/ohio/2022.html,Mid-American Conference,https://cdn.ssref.net/req/202212072/tlogo/ncaa/ohio.png,35,40,25.7,59.5,0.431,16.6,32.6,0.51,9,26.9,0.335,13.7,18.8,0.729,10,24.1,34.1,12.6,7.5,2.6,10.5,14.4,74
https://www.sports-reference.com/cbb/schools/akron/2022.html,Mid-American Conference,https://cdn.ssref.net/req/202212072/tlogo/ncaa/akron.png,34,40.1,24.3,52.9,0.46,16.5,30.9,0.535,7.8,22,0.354,14.2,20.6,0.689,9.8,25.1,34.9,11.6,5.9,3.2,11.4,15.8,70.6
https://www.sports-reference.com/cbb/schools/ball-state/2022.html,Mid-American Conference,https://cdn.ssref.net/req/202212072/tlogo/ncaa/ball-state.png,31,40.2,25.4,57.5,0.442,16.9,33.8,0.499,8.5,23.7,0.361,14.9,21.5,0.694,9.7,25.9,35.6,13.2,6.1,2.4,14,17.9,74.3
https://www.sports-reference.com/cbb/schools/central-michigan/2022.html,Mid-American Conference,https://cdn.ssref.net/req/202212072/tlogo/ncaa/central-michigan.png,30,40.2,23.1,56.5,0.409,15.4,33.9,0.455,7.7,22.7,0.341,11.9,17.2,0.692,9.2,24,33.2,11.5,6.3,3,13.6,19.9,65.9
https://www.sports-reference.com/cbb/schools/buffalo/2022.html,Mid-American Conference,https://cdn.ssref.net/req/202212072/tlogo/ncaa/buffalo.png,30,40,29.7,65.2,0.455,21.2,40.4,0.525,8.5,24.9,0.342,12,17,0.709,14.2,28.3,42.4,15,7.1,4.6,13.2,17.1,79.9
https://www.sports-reference.com/cbb/schools/northern-illinois/2022.html,Mid-American Conference,https://cdn.ssref.net/req/202212072/tlogo/ncaa/northern-illinois.png,30,40.2,23,54.9,0.419,17.2,36.5,0.471,5.8,18.4,0.317,12.3,18.2,0.675,8.5,23.8,32.3,11.2,6.3,2.7,13.7,20.4,64.1
https://www.sports-reference.com/cbb/schools/miami-oh/2022.html,Mid-American Conference,https://cdn.ssref.net/req/202212072/tlogo/ncaa/miami-oh.png,32,40.3,27.2,61.9,0.439,18.1,35.5,0.509,9.1,26.4,0.346,11.8,14.9,0.787,9.8,24.8,34.6,13.8,5.5,3.2,10.4,16,75.3
https://www.sports-reference.com/cbb/schools/eastern-michigan/2022.html,Mid-American Conference,https://cdn.ssref.net/req/202212072/tlogo/ncaa/eastern-michigan.png,31,41,25.2,58.6,0.431,18.9,38.1,0.497,6.3,20.5,0.308,12.4,17.8,0.695,8.3,26.5,34.8,10.1,5.8,3.2,13.8,17.5,69.1
https://www.sports-reference.com/cbb/schools/bowling-green-state/2022.html,Mid-American Conference,https://cdn.ssref.net/req/202212072/tlogo/ncaa/bowling-green-state.png,31,40.3,28.4,65.3,0.435,20.2,41.1,0.492,8.2,24.2,0.34,15.2,20.5,0.739,12.1,26.6,38.8,12.6,7.3,3.4,12.3,17.7,80.3
https://www.sports-reference.com/cbb/schools/western-michigan/2022.html,Mid-American Conference,https://cdn.ssref.net/req/202212072/tlogo/ncaa/western-michigan.png,31,40.5,23.5,56,0.421,15.1,30.6,0.494,8.5,25.4,0.332,9.8,14.1,0.7,9.1,24,33.1,10.3,5.3,2.3,13.7,16.8,65.4
https://www.sports-reference.com/cbb/schools/north-carolina-wilmington/2022.html,Colonial Athletic Association,https://cdn.ssref.net/req/202212072/tlogo/ncaa/north-carolina-wilmington.png,36,40.8,25.1,59.2,0.424,18,37.8,0.476,7.1,21.4,0.333,14.8,19.9,0.743,10.2,23.3,33.5,10.6,7.6,4,10,18,72.1
https://www.sports-reference.com/cbb/schools/towson/2022.html,Colonial Athletic Association,https://cdn.ssref.net/req/202212072/tlogo/ncaa/towson.png,34,40.1,25.6,57.1,0.448,17.8,35.3,0.504,7.8,21.9,0.357,13.9,19.4,0.719,11.7,24.8,36.5,13.5,7.3,2.7,11.9,17.4,72.9
https://www.sports-reference.com/cbb/schools/hofstra/2022.html,Colonial Athletic Association,https://cdn.ssref.net/req/202212072/tlogo/ncaa/hofstra.png,32,40.3,29,62.6,0.463,19.5,34.6,0.562,9.5,28,0.34,10.4,13.1,0.797,8.2,25,33.2,15.5,8,2.7,10.3,14.9,77.9
https://www.sports-reference.com/cbb/schools/delaware/2022.html,Colonial Athletic Association,https://cdn.ssref.net/req/202212072/tlogo/ncaa/delaware.png,35,40.3,26,55.4,0.469,18.5,33.9,0.545,7.5,21.5,0.347,14,18.8,0.744,8.5,24,32.5,12.6,6.7,3.7,12.6,15.6,73.4
https://www.sports-reference.com/cbb/schools/drexel/2022.html,Colonial Athletic Association,https://cdn.ssref.net/req/202212072/tlogo/ncaa/drexel.png,29,40.3,27.4,59.2,0.463,20.2,38.2,0.528,7.3,21,0.346,10.7,15,0.71,8.5,25.7,34.2,12.5,4.8,3,10.9,15.2,72.8
https://www.sports-reference.com/cbb/schools/college-of-charleston/2022.html,Colonial Athletic Association,https://cdn.ssref.net/req/202212072/tlogo/ncaa/college-of-charleston.png,32,40.3,28,63.7,0.439,19.8,39.8,0.499,8.1,23.9,0.339,14.1,19.3,0.73,13.8,26.6,40.3,13.2,8,2.8,15.6,20.6,78.2
https://www.sports-reference.com/cbb/schools/elon/2022.html,Colonial Athletic Association,https://cdn.ssref.net/req/202212072/tlogo/ncaa/elon.png,32,40,23.9,56.3,0.426,15.4,31.3,0.492,8.5,24.9,0.342,10.7,14.5,0.737,8.9,24.3,33.2,12.5,4.8,2.4,13,20.3,67.1
https://www.sports-reference.com/cbb/schools/james-madison/2022.html,Colonial Athletic Association,https://cdn.ssref.net/req/202212072/tlogo/ncaa/james-madison.png,29,40.5,27.7,59.9,0.463,20.3,38.4,0.529,7.4,21.5,0.345,12.2,17.6,0.697,9.3,24.2,33.4,13.4,8.5,2.1,12.4,16.4,75.1
https://www.sports-reference.com/cbb/schools/william-mary/2022.html,Colonial Athletic Association,https://cdn.ssref.net/req/202212072/tlogo/ncaa/william-mary.png,32,40.5,22.6,56.2,0.402,15.9,34.3,0.463,6.8,21.9,0.308,11.9,16.8,0.705,9.8,25.5,35.3,11.5,6.6,3,16.2,16.8,63.9
https://www.sports-reference.com/cbb/schools/northeastern/2022.html,Colonial Athletic Association,https://cdn.ssref.net/req/202212072/tlogo/ncaa/northeastern.png,31,40.3,22.9,52.4,0.437,16.1,31.2,0.516,6.8,21.2,0.32,11.8,16,0.734,8.1,23.9,32,11.4,4.7,2.7,14,15.2,64.3
https://www.sports-reference.com/cbb/schools/texas-state/2022.html,Sun Belt Conference,https://cdn.ssref.net/req/202212072/tlogo/ncaa/texas-state.png,29,40.2,25.5,55.1,0.462,19.2,38.2,0.501,6.3,16.9,0.374,13.2,17.5,0.752,10.1,23.5,33.6,12.2,6.5,3.6,12.3,17.1,70.4
https://www.sports-reference.com/cbb/schools/appalachian-state/2022.html,Sun Belt Conference,https://cdn.ssref.net/req/202212072/tlogo/ncaa/appalachian-state.png,34,40.1,24.2,57.8,0.418,15.9,32.9,0.481,8.3,24.9,0.335,10.4,15.8,0.659,9.9,25.4,35.3,12.6,5.6,2.5,10.3,12.9,67.1
https://www.sports-reference.com/cbb/schools/georgia-state/2022.html,Sun Belt Conference,https://cdn.ssref.net/req/202212072/tlogo/ncaa/georgia-state.png,29,40.5,24.9,62.3,0.4,17.3,39.2,0.441,7.6,23.1,0.33,13.2,18.4,0.72,13.3,24.1,37.4,13.5,8.8,4.5,11.7,16.1,70.7
https://www.sports-reference.com/cbb/schools/troy/2022.html,Sun Belt Conference,https://cdn.ssref.net/req/202212072/tlogo/ncaa/troy.png,32,40.3,24.1,56.6,0.425,16.6,33.7,0.491,7.5,22.9,0.327,13.6,18.7,0.727,11.2,26,37.1,13.8,7.9,2.2,15.3,17.6,69.2
https://www.sports-reference.com/cbb/schools/south-alabama/2022.html,Sun Belt Conference,https://cdn.ssref.net/req/202212072/tlogo/ncaa/south-alabama.png,33,40.3,26.2,56.9,0.46,19.4,36.7,0.527,6.8,20.2,0.337,12.5,18,0.692,9.7,24.8,34.5,11.9,7,4.9,12.6,16.4,71.6
https://www.sports-reference.com/cbb/schools/arkansas-state/2022.html,Sun Belt Conference,https://cdn.ssref.net/req/202212072/tlogo/ncaa/arkansas-state.png,29,40.2,25.7,57,0.451,20.3,39.6,0.512,5.4,17.4,0.311,14.1,18.9,0.745,10.1,25.9,36,15.6,7.9,3.3,13.9,16.6,70.9
https://www.sports-reference.com/cbb/schools/coastal-carolina/2022.html,Sun Belt Conference,https://cdn.ssref.net/req/202212072/tlogo/ncaa/coastal-carolina.png,33,40.5,26.4,58.7,0.45,19,37.7,0.503,7.5,21,0.355,12.5,18,0.696,12.1,27.9,39.9,13.5,6.7,3.7,13.2,14.3,72.8
https://www.sports-reference.com/cbb/schools/louisiana-lafayette/2022.html,Sun Belt Conference,https://cdn.ssref.net/req/202212072/tlogo/ncaa/louisiana-lafayette.png,31,40.3,24.7,57.8,0.428,17.4,36.5,0.475,7.4,21.3,0.346,14.3,20.3,0.703,11.9,26.9,38.8,12.4,6.8,4.4,15.4,17.9,71.1
https://www.sports-reference.com/cbb/schools/texas-arlington/2022.html,Sun Belt Conference,https://cdn.ssref.net/req/202212072/tlogo/ncaa/texas-arlington.png,29,41.4,24.5,58.5,0.419,18.2,38.2,0.475,6.3,20.2,0.313,11.8,16.8,0.701,11.6,25.2,36.8,14,7.8,4.2,14,17.9,67.2
https://www.sports-reference.com/cbb/schools/georgia-southern/2022.html,Sun Belt Conference,https://cdn.ssref.net/req/202212072/tlogo/ncaa/georgia-southern.png,29,40.3,24.6,55.1,0.447,18.8,35.9,0.523,5.9,19.3,0.304,11.3,16.7,0.68,9.8,24.9,34.7,12,7.4,3.4,14.3,17.6,66.4
https://www.sports-reference.com/cbb/schools/louisiana-monroe/2022.html,Sun Belt Conference,https://cdn.ssref.net/req/202212072/tlogo/ncaa/louisiana-monroe.png,31,40.5,27.1,59.6,0.454,20,38.7,0.517,7.1,20.9,0.338,11.3,15.5,0.724,8.9,23.5,32.4,15,7.2,2.7,12.7,16.8,72.5
https://www.sports-reference.com/cbb/schools/arkansas-little-rock/2022.html,Sun Belt Conference,https://cdn.ssref.net/req/202212072/tlogo/ncaa/arkansas-little-rock.png,28,40.7,23.3,55.1,0.422,16.2,34.3,0.473,7,20.9,0.337,13.2,17.9,0.735,8.3,23.1,31.5,13,6.9,2.1,13.8,16.7,66.7
https://www.sports-reference.com/cbb/schools/cleveland-state/2022.html,Horizon League,https://cdn.ssref.net/req/202212072/tlogo/ncaa/cleveland-state.png,31,40.8,27.5,57.5,0.478,21.2,38.1,0.555,6.4,19.4,0.327,14,20.8,0.671,11.1,24.1,35.2,16.5,8.6,3.4,13.5,18.3,75.4
https://www.sports-reference.com/cbb/schools/ipfw/2022.html,Horizon League,https://cdn.ssref.net/req/202212072/tlogo/ncaa/ipfw.png,33,40.6,26.2,57.2,0.458,16.8,31.8,0.527,9.4,25.4,0.371,11.7,15.6,0.748,7.5,23.4,30.9,14.1,8.8,2.5,13.4,15.2,73.5
https://www.sports-reference.com/cbb/schools/northern-kentucky/2022.html,Horizon League,https://cdn.ssref.net/req/202212072/tlogo/ncaa/northern-kentucky.png,32,40.6,25.2,58.7,0.429,16.4,33.3,0.492,8.8,25.3,0.345,10.8,15.2,0.714,12.4,23.1,35.5,13.8,9.1,2.5,13.2,15.3,69.9
https://www.sports-reference.com/cbb/schools/wright-state/2022.html,Horizon League,https://cdn.ssref.net/req/202212072/tlogo/ncaa/wright-state.png,36,40,27.4,59.4,0.461,20.9,40,0.524,6.5,19.4,0.333,14.5,18.9,0.768,10.5,24.4,34.9,14.1,5.9,3,12.2,14.5,75.8
https://www.sports-reference.com/cbb/schools/oakland/2022.html,Horizon League,https://cdn.ssref.net/req/202212072/tlogo/ncaa/oakland.png,32,40.2,25.8,58.6,0.439,18.4,34.3,0.536,7.3,24.3,0.302,15.6,19.6,0.794,10.8,23.7,34.5,13.4,9,2.4,12.3,13.7,74.4
https://www.sports-reference.com/cbb/schools/detroit-mercy/2022.html,Horizon League,https://cdn.ssref.net/req/202212072/tlogo/ncaa/detroit-mercy.png,30,40,25.1,57.2,0.438,14.6,29.3,0.5,10.4,27.9,0.374,10.2,13.1,0.776,9.3,22.3,31.6,12.1,5.9,1.9,11.6,15.4,70.7
https://www.sports-reference.com/cbb/schools/youngstown-state/2022.html,Horizon League,https://cdn.ssref.net/req/202212072/tlogo/ncaa/youngstown-state.png,34,40.1,25.8,57.6,0.448,18.3,35.7,0.512,7.5,21.9,0.343,13.5,17.7,0.761,10.2,24.5,34.7,11.9,5.4,2.6,11.7,17.4,72.6
https://www.sports-reference.com/cbb/schools/illinois-chicago/2022.html,Horizon League,https://cdn.ssref.net/req/202212072/tlogo/ncaa/illinois-chicago.png,30,40.5,26.6,60.5,0.44,17.6,32.6,0.538,9,27.9,0.324,9.7,13.8,0.705,8.7,24.7,33.4,14.7,5.8,4,12,17.2,72
https://www.sports-reference.com/cbb/schools/milwaukee/2022.html,Horizon League,https://cdn.ssref.net/req/202212072/tlogo/ncaa/milwaukee.png,32,40,23.8,56.4,0.422,17.6,36.8,0.478,6.2,19.6,0.317,10.9,15.3,0.717,8.9,27,35.9,11.4,4.9,3.7,13.2,16.9,64.8
https://www.sports-reference.com/cbb/schools/robert-morris/2022.html,Horizon League,https://cdn.ssref.net/req/202212072/tlogo/ncaa/robert-morris.png,32,40.3,25.7,55.5,0.463,19.7,37.8,0.521,6,17.7,0.339,11.9,15.7,0.759,8.9,23.7,32.6,12.7,6,3.8,14.3,15.5,69.4
https://www.sports-reference.com/cbb/schools/green-bay/2022.html,Horizon League,https://cdn.ssref.net/req/202212072/tlogo/ncaa/green-bay.png,30,40,22.3,53.1,0.419,17.1,34.7,0.492,5.2,18.4,0.282,12,16.8,0.714,8.9,21.1,30,10.7,5,2.8,12.9,15.4,61.7
https://www.sports-reference.com/cbb/schools/iupui/2022.html,Horizon League,https://cdn.ssref.net/req/202212072/tlogo/ncaa/iupui.png,29,40,19.2,50.6,0.38,14.1,33,0.427,5.1,17.6,0.292,8.9,13.3,0.667,10.3,21.1,31.5,10.4,5.7,2.6,16.6,17.7,52.4
https://www.sports-reference.com/cbb/schools/princeton/2022.html,Ivy League,https://cdn.ssref.net/req/202212072/tlogo/ncaa/princeton.png,30,40.5,30.3,62.2,0.488,19.4,34,0.572,10.9,28.2,0.387,8.3,12.9,0.639,8.9,26.6,35.5,15.5,6.2,1.8,10.2,14,79.8
https://www.sports-reference.com/cbb/schools/yale/2022.html,Ivy League,https://cdn.ssref.net/req/202212072/tlogo/ncaa/yale.png,31,40.2,25.6,58.1,0.442,18.8,37.2,0.506,6.8,20.9,0.328,13.7,18.6,0.735,9,26.9,35.9,12,6.2,3.2,12.8,17.5,71.8
https://www.sports-reference.com/cbb/schools/pennsylvania/2022.html,Ivy League,https://cdn.ssref.net/req/202212072/tlogo/ncaa/pennsylvania.png,28,40.4,26.7,59.9,0.446,18.6,35.8,0.521,8.1,24.1,0.335,10.5,14.5,0.728,8.8,25.7,34.5,12.6,5.5,2.3,11.8,17.3,72
https://www.sports-reference.com/cbb/schools/cornell/2022.html,Ivy League,https://cdn.ssref.net/req/202212072/tlogo/ncaa/cornell.png,26,40.2,28.3,60.6,0.467,18.6,32.8,0.567,9.7,27.7,0.348,13,18.4,0.707,9.9,28,37.9,17.3,7.9,2.9,14.2,18.7,79.2
https://www.sports-reference.com/cbb/schools/dartmouth/2022.html,Ivy League,https://cdn.ssref.net/req/202212072/tlogo/ncaa/dartmouth.png,25,40.6,24.3,58.4,0.417,15.4,32.2,0.48,8.9,26.2,0.339,10.8,14,0.772,8.4,24.7,33.1,10.4,6.6,3.4,11.5,16.1,68.4
https://www.sports-reference.com/cbb/schools/harvard/2022.html,Ivy League,https://cdn.ssref.net/req/202212072/tlogo/ncaa/harvard.png,26,40.6,26,60.2,0.432,17.5,34.4,0.508,8.5,25.7,0.33,11,15.8,0.693,9.3,25.4,34.7,11.3,7.6,2.4,12.3,15.7,71.5
https://www.sports-reference.com/cbb/schools/brown/2022.html,Ivy League,https://cdn.ssref.net/req/202212072/tlogo/ncaa/brown.png,29,40,25.5,58.6,0.435,18.3,35.5,0.515,7.2,23,0.313,12.8,18,0.709,10.5,25,35.5,12.2,6.7,3.9,13.1,17.9,71
https://www.sports-reference.com/cbb/schools/columbia/2022.html,Ivy League,https://cdn.ssref.net/req/202212072/tlogo/ncaa/columbia.png,26,40.2,25,58.8,0.425,17.4,37.5,0.465,7.6,21.4,0.356,9.7,15.5,0.627,10.2,25.2,35.3,12,5.9,2,15.2,16.7,67.4
https://www.sports-reference.com/cbb/schools/liberty/2022.html,Atlantic Sun Conference,https://cdn.ssref.net/req/202212072/tlogo/ncaa/liberty.png,33,40.3,25.8,54.6,0.473,15.5,27.5,0.561,10.3,27,0.382,11.5,15.2,0.756,7.1,27.2,34.3,14.7,5.4,1.9,11.6,15,73.4
https://www.sports-reference.com/cbb/schools/jacksonville/2022.html,Atlantic Sun Conference,https://cdn.ssref.net/req/202212072/tlogo/ncaa/jacksonville.png,31,40.2,24.8,55,0.45,18.7,37.6,0.498,6,17.4,0.347,11.5,16.3,0.708,10.8,25.5,36.4,12.5,6.5,1.9,11.4,15.1,67.1
https://www.sports-reference.com/cbb/schools/florida-gulf-coast/2022.html,Atlantic Sun Conference,https://cdn.ssref.net/req/202212072/tlogo/ncaa/florida-gulf-coast.png,34,40.9,27.8,61.2,0.454,17.6,32,0.548,10.2,29.2,0.35,11.9,17.7,0.676,11.2,27.6,38.8,15.7,6.7,4.8,13.5,14.8,77.7
https://www.sports-reference.com/cbb/schools/kennesaw-state/2022.html,Atlantic Sun Conference,https://cdn.ssref.net/req/202212072/tlogo/ncaa/kennesaw-state.png,31,40.6,27.4,59.2,0.463,19.1,36.5,0.524,8.3,22.8,0.365,11.6,17.6,0.662,10.7,24.8,35.5,14.4,7.1,2.8,12.4,17.1,74.8
https://www.sports-reference.com/cbb/schools/north-florida/2022.html,Atlantic Sun Conference,https://cdn.ssref.net/req/202212072/tlogo/ncaa/north-florida.png,31,40.3,23.4,56.2,0.416,13.8,28.1,0.493,9.5,28.2,0.339,12.2,16.8,0.727,9.1,24.7,33.8,12.7,5.5,4.8,14.6,15.7,68.5
https://www.sports-reference.com/cbb/schools/stetson/2022.html,Atlantic Sun Conference,https://cdn.ssref.net/req/202212072/tlogo/ncaa/stetson.png,30,40.7,25.5,59.3,0.43,17,35,0.486,8.5,24.3,0.35,10.2,14.7,0.69,10.5,25.1,35.6,14.3,7,2.9,13,14.8,69.7
https://www.sports-reference.com/cbb/schools/jacksonville-state/2022.html,Atlantic Sun Conference,https://cdn.ssref.net/req/202212072/tlogo/ncaa/jacksonville-state.png,32,40.2,26.2,56.1,0.467,16.9,32.1,0.527,9.3,24,0.386,11.9,17.3,0.686,9.6,27.2,36.8,14.3,6.2,2.9,13.1,14.3,73.5
https://www.sports-reference.com/cbb/schools/bellarmine/2022.html,Atlantic Sun Conference,https://cdn.ssref.net/req/202212072/tlogo/ncaa/bellarmine.png,33,40.2,26.6,56,0.475,18.8,33.1,0.569,7.8,22.9,0.34,9.1,12.1,0.753,7.3,23.1,30.3,14.5,5.6,1.7,9.5,14.3,70.1
https://www.sports-reference.com/cbb/schools/central-arkansas/2022.html,Atlantic Sun Conference,https://cdn.ssref.net/req/202212072/tlogo/ncaa/central-arkansas.png,31,40.3,27.8,63.2,0.44,21.1,41,0.515,6.7,22.2,0.3,10.9,14.3,0.761,10.1,25.4,35.5,14.3,6.8,3.2,13.7,16.7,73.2
https://www.sports-reference.com/cbb/schools/lipscomb/2022.html,Atlantic Sun Conference,https://cdn.ssref.net/req/202212072/tlogo/ncaa/lipscomb.png,33,40,25.8,56.4,0.457,17.7,32.8,0.538,8.1,23.5,0.344,14.4,19.8,0.729,7.6,28.3,35.9,15.2,4.4,2.7,12.9,13.5,74
https://www.sports-reference.com/cbb/schools/eastern-kentucky/2022.html,Atlantic Sun Conference,https://cdn.ssref.net/req/202212072/tlogo/ncaa/eastern-kentucky.png,31,40.8,28.6,68.5,0.417,16.9,35.4,0.478,11.7,33.2,0.353,10.3,14.6,0.706,12.5,23.7,36.2,15.6,10.2,3.6,11.6,16.5,79.3
https://www.sports-reference.com/cbb/schools/north-alabama/2022.html,Atlantic Sun Conference,https://cdn.ssref.net/req/202212072/tlogo/ncaa/north-alabama.png,30,40.3,25.1,63.4,0.395,16.8,37.2,0.451,8.3,26.2,0.316,11,14.6,0.753,10.9,25.2,36.1,10.1,6.8,3.5,11.9,18.6,69.4
https://www.sports-reference.com/cbb/schools/bryant/2022.html,Northeast Conference,https://cdn.ssref.net/req/202212072/tlogo/ncaa/bryant.png,32,40.3,27.5,62.9,0.437,19.2,35.8,0.537,8.3,27.1,0.304,14.8,20.3,0.732,12.6,28.7,41.3,13.9,6.5,4.5,13.9,17,78
https://www.sports-reference.com/cbb/schools/wagner/2022.html,Northeast Conference,https://cdn.ssref.net/req/202212072/tlogo/ncaa/wagner.png,27,40.7,27.7,59.7,0.463,22.6,41.8,0.539,5.1,17.9,0.285,14,19.3,0.726,11.8,25.5,37.3,14.6,8.4,2.8,12.5,19.8,74.4
https://www.sports-reference.com/cbb/schools/long-island-university/2022.html,Northeast Conference,https://cdn.ssref.net/req/202212072/tlogo/ncaa/long-island-university.png,30,40.3,27.1,63.2,0.428,19.1,38,0.504,7.9,25.3,0.314,12.8,18.8,0.68,11.8,27.6,39.4,16.9,7.7,4.9,13.6,16.9,74.8
https://www.sports-reference.com/cbb/schools/mount-st-marys/2022.html,Northeast Conference,https://cdn.ssref.net/req/202212072/tlogo/ncaa/mount-st-marys.png,30,40.3,25,56.4,0.443,19.1,39.2,0.486,5.9,17.2,0.345,10.2,14.8,0.688,10.7,24.3,35,13.3,5.7,4,12.9,15.7,66.1
https://www.sports-reference.com/cbb/schools/merrimack/2022.html,Northeast Conference,https://cdn.ssref.net/req/202212072/tlogo/ncaa/merrimack.png,30,40.3,22.4,53.3,0.421,15.3,31.8,0.482,7.1,21.6,0.331,9.4,14,0.675,7.5,21,28.5,11.5,9,4,11.8,15.9,61.4
https://www.sports-reference.com/cbb/schools/st-francis-ny/2022.html,Northeast Conference,https://cdn.ssref.net/req/202212072/tlogo/ncaa/st-francis-ny.png,30,40.3,24.9,60.8,0.409,17.9,38.5,0.464,7,22.3,0.314,10.5,14.8,0.711,11.3,24,35.3,11.9,6.7,2.6,12.4,16.6,67.2
https://www.sports-reference.com/cbb/schools/sacred-heart/2022.html,Northeast Conference,https://cdn.ssref.net/req/202212072/tlogo/ncaa/sacred-heart.png,30,40.3,26.9,60.4,0.445,18.8,36.9,0.511,8.1,23.5,0.343,10.8,14.9,0.725,11.2,25,36.2,14.5,5.5,2.2,13.9,15.6,72.7
https://www.sports-reference.com/cbb/schools/saint-francis-pa/2022.html,Northeast Conference,https://cdn.ssref.net/req/202212072/tlogo/ncaa/saint-francis-pa.png,30,40.5,25.5,60.3,0.423,19.6,41.5,0.471,5.9,18.7,0.315,11.8,18.2,0.648,11.9,24.8,36.6,13,6.6,2.8,12.6,14.7,68.6
https://www.sports-reference.com/cbb/schools/fairleigh-dickinson/2022.html,Northeast Conference,https://cdn.ssref.net/req/202212072/tlogo/ncaa/fairleigh-dickinson.png,26,40.4,24.3,59.8,0.406,17.5,38.7,0.452,6.8,21.2,0.324,11.8,16.6,0.708,10.3,22.8,33.1,11.8,6.5,3,13.7,18.3,67.2
https://www.sports-reference.com/cbb/schools/central-connecticut-state/2022.html,Northeast Conference,https://cdn.ssref.net/req/202212072/tlogo/ncaa/central-connecticut-state.png,32,40.5,21.6,54.8,0.393,14.2,33.3,0.426,7.3,21.5,0.342,11.3,16,0.708,9.3,22.6,31.9,10.6,6.2,2.2,13.8,16.1,61.8
https://www.sports-reference.com/cbb/schools/longwood/2022.html,Big South Conference,https://cdn.ssref.net/req/202212072/tlogo/ncaa/longwood.png,33,40.3,26.5,58.5,0.452,18.3,37,0.495,8.2,21.6,0.378,14.7,20.2,0.726,11.9,25,36.9,14.1,7.8,2.4,12.1,15.4,75.7
https://www.sports-reference.com/cbb/schools/campbell/2022.html,Big South Conference,https://cdn.ssref.net/req/202212072/tlogo/ncaa/campbell.png,29,40.3,24.9,54,0.46,18.5,34.1,0.543,6.3,19.9,0.318,10.1,14.9,0.68,6.9,24.9,31.9,13.9,6.2,2.3,10.4,13.8,66.2
https://www.sports-reference.com/cbb/schools/high-point/2022.html,Big South Conference,https://cdn.ssref.net/req/202212072/tlogo/ncaa/high-point.png,32,41.1,25.3,57.2,0.442,18.8,37.8,0.497,6.5,19.4,0.335,12.5,19.6,0.64,10.1,25.6,35.7,12.5,6.5,4.7,13.3,17.3,69.5
https://www.sports-reference.com/cbb/schools/radford/2022.html,Big South Conference,https://cdn.ssref.net/req/202212072/tlogo/ncaa/radford.png,29,40.5,23,55.4,0.414,16,32.8,0.488,6.9,22.6,0.307,10.3,15.4,0.669,10.1,23.2,33.3,10.9,6.6,1.5,13.8,17.9,63.2
https://www.sports-reference.com/cbb/schools/north-carolina-at/2022.html,Big South Conference,https://cdn.ssref.net/req/202212072/tlogo/ncaa/north-carolina-at.png,32,40.3,25.2,59.3,0.424,18.9,39.1,0.482,6.3,20.2,0.312,11,16.9,0.654,11.1,24.3,35.5,12.3,7.8,3.2,12.7,19.1,67.7
https://www.sports-reference.com/cbb/schools/hampton/2022.html,Big South Conference,https://cdn.ssref.net/req/202212072/tlogo/ncaa/hampton.png,28,40.4,22.4,56.1,0.399,16.7,36.5,0.457,5.8,19.6,0.293,14.2,20.3,0.7,8.4,26.1,34.5,10.4,5.2,4,12.6,18.4,64.8
https://www.sports-reference.com/cbb/schools/winthrop/2022.html,Big South Conference,https://cdn.ssref.net/req/202212072/tlogo/ncaa/winthrop.png,32,40.5,26.3,54.2,0.486,17.7,30.9,0.572,8.6,23.2,0.371,14,20,0.7,8.3,26,34.3,13.4,6.5,2.6,14.6,17.9,75.2
https://www.sports-reference.com/cbb/schools/gardner-webb/2022.html,Big South Conference,https://cdn.ssref.net/req/202212072/tlogo/ncaa/gardner-webb.png,31,40,25.3,57,0.444,17.9,34.5,0.519,7.4,22.5,0.329,11.5,16.4,0.701,8.8,28.1,36.9,13.2,7.3,4.7,13.4,18.3,69.5
https://www.sports-reference.com/cbb/schools/south-carolina-upstate/2022.html,Big South Conference,https://cdn.ssref.net/req/202212072/tlogo/ncaa/south-carolina-upstate.png,32,40.3,25.5,57,0.447,17.4,35,0.499,8,22,0.365,12.5,16.5,0.756,7.6,24.9,32.5,13.7,6.3,3.3,12.7,19.1,71.5
https://www.sports-reference.com/cbb/schools/north-carolina-asheville/2022.html,Big South Conference,https://cdn.ssref.net/req/202212072/tlogo/ncaa/north-carolina-asheville.png,32,40.9,26,56.8,0.457,17.8,34.2,0.52,8.2,22.6,0.363,15.2,20.9,0.726,9.3,24.6,33.9,12.7,6.5,4.9,12.3,15.8,75.3
https://www.sports-reference.com/cbb/schools/presbyterian/2022.html,Big South Conference,https://cdn.ssref.net/req/202212072/tlogo/ncaa/presbyterian.png,32,41.4,24.8,58.8,0.422,19.1,37.6,0.507,5.7,21.2,0.27,12.5,18.5,0.674,12.2,23.4,35.6,12.6,7.9,2.7,13.6,19.1,67.8
https://www.sports-reference.com/cbb/schools/charleston-southern/2022.html,Big South Conference,https://cdn.ssref.net/req/202212072/tlogo/ncaa/charleston-southern.png,31,40.2,24,59,0.408,15.8,32.2,0.49,8.3,26.8,0.308,12.1,17.9,0.676,10.5,25.7,36.2,12,6.5,3,14.6,16.2,68.5
https://www.sports-reference.com/cbb/schools/montana-state/2022.html,Big Sky Conference,https://cdn.ssref.net/req/202212072/tlogo/ncaa/montana-state.png,35,40.4,26.4,55.8,0.473,18.7,34.9,0.536,7.7,20.8,0.368,16.1,21.4,0.754,8.7,26.4,35.1,13.2,5.2,3.7,12.9,18.3,76.5
https://www.sports-reference.com/cbb/schools/southern-utah/2022.html,Big Sky Conference,https://cdn.ssref.net/req/202212072/tlogo/ncaa/southern-utah.png,35,40.6,27.5,59.7,0.461,19.1,35.3,0.542,8.3,24.3,0.343,14.4,20.2,0.714,10.1,27.5,37.6,12.1,6.1,2.5,12.7,17,77.7
https://www.sports-reference.com/cbb/schools/weber-state/2022.html,Big Sky Conference,https://cdn.ssref.net/req/202212072/tlogo/ncaa/weber-state.png,33,40.2,26.6,56,0.475,19.5,34.9,0.558,7.2,21.1,0.339,15.8,21.1,0.749,6.6,25.5,32.1,10.6,7.7,2.5,11.6,15.4,76.2
https://www.sports-reference.com/cbb/schools/northern-colorado/2022.html,Big Sky Conference,https://cdn.ssref.net/req/202212072/tlogo/ncaa/northern-colorado.png,38,40.4,27.6,58.1,0.475,17.4,31.3,0.555,10.2,26.8,0.381,12.5,17.6,0.709,7.6,26.7,34.3,12.3,4,2.9,12.4,17.2,77.9
https://www.sports-reference.com/cbb/schools/montana/2022.html,Big Sky Conference,https://cdn.ssref.net/req/202212072/tlogo/ncaa/montana.png,32,40.2,24.8,54.8,0.453,17.8,34.7,0.513,7,20,0.349,15.6,19.8,0.785,6.3,24.4,30.6,13.1,5.5,2.8,10.3,18.7,72.2
https://www.sports-reference.com/cbb/schools/eastern-washington/2022.html,Big Sky Conference,https://cdn.ssref.net/req/202212072/tlogo/ncaa/eastern-washington.png,34,40.3,26.6,58.8,0.453,17.8,33.6,0.53,8.8,25.2,0.35,14.7,19.6,0.752,9.1,27.6,36.7,15.8,5.6,2.8,13.3,18.6,76.9
https://www.sports-reference.com/cbb/schools/portland-state/2022.html,Big Sky Conference,https://cdn.ssref.net/req/202212072/tlogo/ncaa/portland-state.png,31,40.3,26.5,61.5,0.43,20.3,40.8,0.497,6.2,20.6,0.298,14.5,19.5,0.742,10.3,23.6,33.9,11.4,9.3,3.3,12.4,19.8,73.5
https://www.sports-reference.com/cbb/schools/sacramento-state/2022.html,Big Sky Conference,https://cdn.ssref.net/req/202212072/tlogo/ncaa/sacramento-state.png,29,40.2,24,55.7,0.431,17.2,36.9,0.468,6.8,18.8,0.359,10.7,15.8,0.678,7.8,23.4,31.1,11,6,2.8,11.1,17.2,65.4
https://www.sports-reference.com/cbb/schools/idaho/2022.html,Big Sky Conference,https://cdn.ssref.net/req/202212072/tlogo/ncaa/idaho.png,31,40.3,25.2,56.9,0.442,17.2,35.4,0.485,8,21.5,0.372,14.7,20,0.735,8.2,26,34.2,11.9,3.5,2.2,13.6,19.6,73
https://www.sports-reference.com/cbb/schools/northern-arizona/2022.html,Big Sky Conference,https://cdn.ssref.net/req/202212072/tlogo/ncaa/northern-arizona.png,32,40.3,24.1,57.7,0.417,15.4,33.5,0.46,8.7,24.2,0.358,10.8,16.2,0.664,10.4,26.3,36.7,12.6,4.5,2.5,13.5,18.3,67.5
https://www.sports-reference.com/cbb/schools/idaho-state/2022.html,Big Sky Conference,https://cdn.ssref.net/req/202212072/tlogo/ncaa/idaho-state.png,30,40.2,22.4,53.6,0.419,15.4,30.8,0.499,7.1,22.8,0.31,12.4,18.2,0.684,9.9,22.9,32.7,10.4,4.5,2.2,13.8,18.2,64.4
https://www.sports-reference.com/cbb/schools/boise-state/2022.html,Mountain West Conference,https://cdn.ssref.net/req/202212072/tlogo/ncaa/boise-state.png,35,40.4,24.3,54.6,0.445,16.9,33.4,0.507,7.3,21.2,0.346,12.4,19.1,0.65,10.2,24.6,34.8,11.4,6,3.4,12.1,15,68.3
https://www.sports-reference.com/cbb/schools/colorado-state/2022.html,Mountain West Conference,https://cdn.ssref.net/req/202212072/tlogo/ncaa/colorado-state.png,31,40.3,26.5,55.2,0.48,18.7,33.4,0.56,7.8,21.8,0.357,12.6,16.4,0.773,6.7,25,31.7,14.3,6.4,3.1,10.1,15,73.4
https://www.sports-reference.com/cbb/schools/san-diego-state/2022.html,Mountain West Conference,https://cdn.ssref.net/req/202212072/tlogo/ncaa/san-diego-state.png,32,40.5,23.8,55,0.432,17.8,38.1,0.467,6,16.9,0.354,11.8,17.1,0.692,9.8,25.2,35,11.9,7.5,4.8,12.8,17.5,65.4
https://www.sports-reference.com/cbb/schools/wyoming/2022.html,Mountain West Conference,https://cdn.ssref.net/req/202212072/tlogo/ncaa/wyoming.png,34,40.6,25.1,54.9,0.457,17,31.2,0.545,8.1,23.6,0.342,14.3,19.7,0.725,8.2,27.4,35.6,11.2,3.9,2,11.3,15.2,72.5
https://www.sports-reference.com/cbb/schools/nevada-las-vegas/2022.html,Mountain West Conference,https://cdn.ssref.net/req/202212072/tlogo/ncaa/nevada-las-vegas.png,32,40,24.4,57.6,0.425,16.2,33.1,0.49,8.2,24.5,0.336,12.8,17.3,0.738,9.6,26.5,36.1,13.8,6.1,2.8,11.2,17.8,69.9
https://www.sports-reference.com/cbb/schools/fresno-state/2022.html,Mountain West Conference,https://cdn.ssref.net/req/202212072/tlogo/ncaa/fresno-state.png,36,40.7,23.8,53.2,0.446,16.8,32.6,0.515,6.9,20.6,0.337,11.8,16.6,0.711,8.8,25.2,34.1,12,6.1,2.8,11.2,15.4,66.2
https://www.sports-reference.com/cbb/schools/utah-state/2022.html,Mountain West Conference,https://cdn.ssref.net/req/202212072/tlogo/ncaa/utah-state.png,34,40.6,27,56.6,0.476,19.2,33.9,0.566,7.8,22.8,0.342,11.7,16.2,0.721,8.4,27,35.4,18,6.1,2.1,12.5,16.5,73.4
https://www.sports-reference.com/cbb/schools/nevada/2022.html,Mountain West Conference,https://cdn.ssref.net/req/202212072/tlogo/ncaa/nevada.png,31,40,25.9,57.6,0.449,18.9,36.7,0.515,7,20.9,0.333,13.8,18.5,0.749,8.3,26.5,34.7,14.6,6.4,3.3,13.2,17.6,72.5
https://www.sports-reference.com/cbb/schools/new-mexico/2022.html,Mountain West Conference,https://cdn.ssref.net/req/202212072/tlogo/ncaa/new-mexico.png,32,40.3,26.1,60,0.434,18.3,37.4,0.489,7.8,22.6,0.344,14.3,19.1,0.75,8.7,25.3,34,11.8,6.3,4.3,11.7,18.3,74.3
https://www.sports-reference.com/cbb/schools/air-force/2022.html,Mountain West Conference,https://cdn.ssref.net/req/202212072/tlogo/ncaa/air-force.png,29,40,21.6,49.6,0.436,14.4,28,0.516,7.2,21.6,0.333,8.6,13.3,0.649,5.9,20.6,26.6,12.5,5.4,3,13.6,18,59
https://www.sports-reference.com/cbb/schools/san-jose-state/2022.html,Mountain West Conference,https://cdn.ssref.net/req/202212072/tlogo/ncaa/san-jose-state.png,31,40.2,23.7,55.4,0.427,14.9,30.4,0.489,8.8,25,0.352,8.1,12.4,0.658,7.6,23.5,31.1,13,5.2,3.2,13.2,16.3,64.3
https://www.sports-reference.com/cbb/schools/iona/2022.html,Metro Atlantic Athletic Conference,https://cdn.ssref.net/req/202212072/tlogo/ncaa/iona.png,33,40.3,26.4,59.2,0.447,19.3,37.8,0.511,7.1,21.3,0.332,15.3,22,0.693,11.4,25.5,37,16.1,6.5,6,12.7,18.2,75.2
https://www.sports-reference.com/cbb/schools/saint-peters/2022.html,Metro Atlantic Athletic Conference,https://cdn.ssref.net/req/202212072/tlogo/ncaa/saint-peters.png,34,40.3,23.4,54.9,0.427,17.6,38.2,0.461,5.8,16.6,0.35,14.3,20.4,0.701,10.8,25.1,35.8,12.3,7.1,5,13.4,19.7,67
https://www.sports-reference.com/cbb/schools/siena/2022.html,Metro Atlantic Athletic Conference,https://cdn.ssref.net/req/202212072/tlogo/ncaa/siena.png,29,40.5,23.8,55.9,0.426,17.1,36.9,0.463,6.8,19,0.356,11.9,16.2,0.733,8.3,24.7,32.9,10,6.2,4,12.6,16,66.3
https://www.sports-reference.com/cbb/schools/monmouth/2022.html,Metro Atlantic Athletic Conference,https://cdn.ssref.net/req/202212072/tlogo/ncaa/monmouth.png,34,40.3,23.6,56.3,0.418,17.2,37.1,0.463,6.4,19.2,0.331,15.1,20.8,0.728,10.4,26.1,36.5,11.7,6.3,3.3,11.7,18.1,68.6
https://www.sports-reference.com/cbb/schools/marist/2022.html,Metro Atlantic Athletic Conference,https://cdn.ssref.net/req/202212072/tlogo/ncaa/marist.png,30,40.5,25.4,57.9,0.439,17.9,36.1,0.497,7.5,21.8,0.344,10.4,14.5,0.719,9.1,26,35.1,9,5.8,3.4,12.4,15.6,68.8
https://www.sports-reference.com/cbb/schools/niagara/2022.html,Metro Atlantic Athletic Conference,https://cdn.ssref.net/req/202212072/tlogo/ncaa/niagara.png,30,40.5,24.6,55.9,0.439,17.6,35.8,0.492,7,20.2,0.345,11.3,15.5,0.731,7.6,24.7,32.4,12.2,5.6,2.7,10.9,15.2,67.4
https://www.sports-reference.com/cbb/schools/manhattan/2022.html,Metro Atlantic Athletic Conference,https://cdn.ssref.net/req/202212072/tlogo/ncaa/manhattan.png,30,40.5,24.3,55.3,0.44,18.7,37,0.506,5.6,18.3,0.307,16.6,22.5,0.735,10.1,23.2,33.3,11.5,7.2,3.3,14.5,18,70.9
https://www.sports-reference.com/cbb/schools/fairfield/2022.html,Metro Atlantic Athletic Conference,https://cdn.ssref.net/req/202212072/tlogo/ncaa/fairfield.png,33,40.5,24.8,57.3,0.434,17.2,34.9,0.494,7.6,22.4,0.34,10.5,15,0.704,9.5,25.1,34.6,11.9,5.4,3.1,11,15.9,67.8
https://www.sports-reference.com/cbb/schools/rider/2022.html,Metro Atlantic Athletic Conference,https://cdn.ssref.net/req/202212072/tlogo/ncaa/rider.png,33,40.5,25,60.5,0.414,19.5,43.2,0.451,5.6,17.3,0.322,12.2,16.5,0.736,10.9,26.2,37.1,12.7,6.8,2.5,11.8,17.1,67.8
https://www.sports-reference.com/cbb/schools/quinnipiac/2022.html,Metro Atlantic Athletic Conference,https://cdn.ssref.net/req/202212072/tlogo/ncaa/quinnipiac.png,31,40.2,25.5,59,0.431,16.5,33.2,0.499,8.9,25.8,0.345,12,15.7,0.765,9.9,25.5,35.4,14.4,6.4,2.1,13,16.7,71.8
https://www.sports-reference.com/cbb/schools/canisius/2022.html,Metro Atlantic Athletic Conference,https://cdn.ssref.net/req/202212072/tlogo/ncaa/canisius.png,32,40.3,24.3,60.7,0.4,16.9,36.6,0.462,7.4,24.1,0.306,12.6,18.1,0.693,11.1,24.3,35.4,13,6,2.6,11.8,17.2,68.5
https://www.sports-reference.com/cbb/schools/vermont/2022.html,America East Conference,https://cdn.ssref.net/req/202212072/tlogo/ncaa/vermont.png,34,40.1,27.5,55.9,0.492,18.8,31.9,0.588,8.8,24,0.365,11,14.8,0.742,7.3,27.7,35,15.1,5.1,2.5,9.6,14,74.8
https://www.sports-reference.com/cbb/schools/maryland-baltimore-county/2022.html,America East Conference,https://cdn.ssref.net/req/202212072/tlogo/ncaa/maryland-baltimore-county.png,32,40.2,25.4,57.3,0.444,16.2,32.9,0.492,9.2,24.3,0.378,13.7,17.5,0.784,7.4,25.4,32.8,12.4,4.8,2.1,11,13.3,73.7
https://www.sports-reference.com/cbb/schools/stony-brook/2022.html,America East Conference,https://cdn.ssref.net/req/202212072/tlogo/ncaa/stony-brook.png,31,40.2,26.3,60,0.438,18.1,35.8,0.505,8.2,24.2,0.339,12.2,16.2,0.752,9.6,25.1,34.8,11.2,6.7,2.9,10.6,14.3,72.9
https://www.sports-reference.com/cbb/schools/new-hampshire/2022.html,America East Conference,https://cdn.ssref.net/req/202212072/tlogo/ncaa/new-hampshire.png,28,40,25.2,57.3,0.44,16.6,33.7,0.492,8.6,23.6,0.366,9.7,14.5,0.669,10,25.9,35.9,12.1,4.6,2.9,9.1,13.4,68.8
https://www.sports-reference.com/cbb/schools/albany-ny/2022.html,America East Conference,https://cdn.ssref.net/req/202212072/tlogo/ncaa/albany-ny.png,31,40.2,23,56.2,0.41,17.2,38,0.452,5.9,18.2,0.323,9.9,14.1,0.704,9.1,22.9,32,9.4,6.7,2.5,12.4,18,61.8
https://www.sports-reference.com/cbb/schools/hartford/2022.html,America East Conference,https://cdn.ssref.net/req/202212072/tlogo/ncaa/hartford.png,32,40.2,25,55.6,0.449,15.7,30.4,0.515,9.3,25.1,0.369,10.6,15.3,0.69,7.8,24.7,32.4,12.2,6,3.2,12.2,15,69.8
https://www.sports-reference.com/cbb/schools/binghamton/2022.html,America East Conference,https://cdn.ssref.net/req/202212072/tlogo/ncaa/binghamton.png,29,40.2,25.7,58.3,0.441,18.4,37.6,0.489,7.3,20.8,0.354,8.9,13.4,0.661,9.5,26.5,36,11.5,5.7,3.7,12.6,16.7,67.7
https://www.sports-reference.com/cbb/schools/massachusetts-lowell/2022.html,America East Conference,https://cdn.ssref.net/req/202212072/tlogo/ncaa/massachusetts-lowell.png,31,40.3,26.8,60.2,0.445,20.9,40.9,0.511,5.9,19.3,0.306,11.2,15.9,0.702,10.5,25.5,35.9,11.7,7.3,4.2,12.5,16,70.7
https://www.sports-reference.com/cbb/schools/njit/2022.html,America East Conference,https://cdn.ssref.net/req/202212072/tlogo/ncaa/njit.png,29,40.5,22.6,55.3,0.409,16.2,35.7,0.455,6.4,19.6,0.327,11.3,17.2,0.659,8.3,26,34.3,10.1,6.1,3.7,12.8,15.8,63
https://www.sports-reference.com/cbb/schools/maine/2022.html,America East Conference,https://cdn.ssref.net/req/202212072/tlogo/ncaa/maine.png,29,40,23.6,57,0.414,16.9,35.1,0.481,6.8,22,0.308,8.4,11.9,0.71,8.8,22.6,31.4,13.3,7.2,2.8,12.6,17.4,62.4
https://www.sports-reference.com/cbb/schools/murray-state/2022.html,Ohio Valley Conference,https://cdn.ssref.net/req/202212072/tlogo/ncaa/murray-state.png,34,40.1,28.8,60.5,0.476,20.8,37.7,0.551,8,22.8,0.351,13.6,19.6,0.692,12.5,26.6,39.1,14.7,7.8,3.2,11.4,15.4,79.1
https://www.sports-reference.com/cbb/schools/belmont/2022.html,Ohio Valley Conference,https://cdn.ssref.net/req/202212072/tlogo/ncaa/belmont.png,33,40.3,29,59.4,0.488,20.5,33.6,0.608,8.5,25.8,0.332,11.7,15.8,0.743,7.8,25.7,33.5,18,9.1,3.9,11.8,13.7,78.3
https://www.sports-reference.com/cbb/schools/morehead-state/2022.html,Ohio Valley Conference,https://cdn.ssref.net/req/202212072/tlogo/ncaa/morehead-state.png,34,40.1,25.5,56,0.456,17.2,32.9,0.523,8.3,23.1,0.36,10.6,15.9,0.667,10.3,26.3,36.6,16.1,5.9,5.8,13.5,15,70
https://www.sports-reference.com/cbb/schools/southeast-missouri-state/2022.html,Ohio Valley Conference,https://cdn.ssref.net/req/202212072/tlogo/ncaa/southeast-missouri-state.png,32,40.2,25.6,58.5,0.437,16.8,33,0.509,8.8,25.5,0.344,15.7,21.4,0.732,9.1,24.3,33.3,13.9,6.5,2.7,13.1,20.3,75.6
https://www.sports-reference.com/cbb/schools/tennessee-state/2022.html,Ohio Valley Conference,https://cdn.ssref.net/req/202212072/tlogo/ncaa/tennessee-state.png,32,40.2,25.8,57.9,0.445,19.2,39,0.492,6.6,18.8,0.35,13.2,18.4,0.715,10.4,24.6,35,12.3,6.8,3.3,13.9,19.1,71.3
https://www.sports-reference.com/cbb/schools/austin-peay/2022.html,Ohio Valley Conference,https://cdn.ssref.net/req/202212072/tlogo/ncaa/austin-peay.png,29,40.5,23.1,56.5,0.408,15.2,31.5,0.482,7.9,25,0.315,10.6,15,0.706,10.6,22.3,32.8,13.5,6.4,2,14,16.7,64.7
https://www.sports-reference.com/cbb/schools/tennessee-tech/2022.html,Ohio Valley Conference,https://cdn.ssref.net/req/202212072/tlogo/ncaa/tennessee-tech.png,32,40.3,28,62.4,0.449,21,42,0.501,7,20.5,0.342,9.7,14.7,0.661,11.6,25.5,37.1,16,7.3,3.7,13.3,14.5,72.8
https://www.sports-reference.com/cbb/schools/tennessee-martin/2022.html,Ohio Valley Conference,https://cdn.ssref.net/req/202212072/tlogo/ncaa/tennessee-martin.png,30,40,25.4,61.2,0.415,18.6,38.4,0.484,6.8,22.8,0.299,11.3,16.1,0.7,11.7,25.2,36.9,11.8,6.6,4.4,13.3,18.1,68.9
https://www.sports-reference.com/cbb/schools/eastern-illinois/2022.html,Ohio Valley Conference,https://cdn.ssref.net/req/202212072/tlogo/ncaa/eastern-illinois.png,31,40,20.1,50.5,0.398,14.1,32.2,0.438,6,18.3,0.326,10.2,15.9,0.638,7.1,22.3,29.4,11.8,6.3,3,16,14.5,56.3
https://www.sports-reference.com/cbb/schools/southern-illinois-edwardsville/2022.html,Ohio Valley Conference,https://cdn.ssref.net/req/202212072/tlogo/ncaa/southern-illinois-edwardsville.png,32,40.5,24.1,57.8,0.418,18.3,37.6,0.486,5.9,20.2,0.291,13.4,19.4,0.691,12.8,24.6,37.4,12.3,7.1,3.8,15.1,18.3,67.5
https://www.sports-reference.com/cbb/schools/south-dakota-state/2022.html,Summit League,https://cdn.ssref.net/req/202212072/tlogo/ncaa/south-dakota-state.png,35,40.1,30.8,59.1,0.521,21.5,38.2,0.563,9.3,20.9,0.445,14.9,19.7,0.758,7.4,28.1,35.5,15.1,6.1,2.5,11,15.3,85.9
https://www.sports-reference.com/cbb/schools/north-dakota-state/2022.html,Summit League,https://cdn.ssref.net/req/202212072/tlogo/ncaa/north-dakota-state.png,33,40.6,26.3,56.9,0.462,18.7,35.7,0.523,7.6,21.2,0.358,14.7,19.3,0.761,8.3,29.1,37.4,11.1,3.9,3.5,11.6,15.6,74.8
https://www.sports-reference.com/cbb/schools/missouri-kansas-city/2022.html,Summit League,https://cdn.ssref.net/req/202212072/tlogo/ncaa/missouri-kansas-city.png,31,40,27.6,57.7,0.478,20.3,37.8,0.537,7.3,19.8,0.366,12.1,17.9,0.676,6.7,24.5,31.2,13.2,7.4,2.8,10.5,20.2,74.5
https://www.sports-reference.com/cbb/schools/oral-roberts/2022.html,Summit League,https://cdn.ssref.net/req/202212072/tlogo/ncaa/oral-roberts.png,31,40.3,30.2,66.2,0.457,18.6,35.6,0.523,11.6,30.6,0.38,11.2,15.4,0.73,10.7,29.5,40.2,11.7,5.5,4.2,9.9,15.4,83.3
https://www.sports-reference.com/cbb/schools/south-dakota/2022.html,Summit League,https://cdn.ssref.net/req/202212072/tlogo/ncaa/south-dakota.png,31,40.3,26.7,57.4,0.466,19.6,38.3,0.512,7.1,19.1,0.374,14.5,19.4,0.75,8.8,25.6,34.4,11.9,4.4,2.3,10,17.6,75.1
https://www.sports-reference.com/cbb/schools/western-illinois/2022.html,Summit League,https://cdn.ssref.net/req/202212072/tlogo/ncaa/western-illinois.png,32,40.6,27.8,64,0.434,19.1,37.8,0.505,8.7,26.2,0.331,13.7,19.3,0.708,11.3,26.6,37.9,11.4,6.2,2.5,11.4,17.4,77.9
https://www.sports-reference.com/cbb/schools/denver/2022.html,Summit League,https://cdn.ssref.net/req/202212072/tlogo/ncaa/denver.png,32,40.5,25.5,55.4,0.46,18.3,35.7,0.511,7.3,19.7,0.368,12.3,17.6,0.697,7.5,24.7,32.3,12.3,5.2,3.3,12.9,17.4,70.5
https://www.sports-reference.com/cbb/schools/st-thomas-mn/2022.html,Summit League,https://cdn.ssref.net/req/202212072/tlogo/ncaa/st-thomas-mn.png,30,40,26.7,60.5,0.441,15.5,29.3,0.53,11.1,31.2,0.357,10.2,13.5,0.758,6.2,23.4,29.6,12.6,5.2,1.3,8.1,17,74.7
https://www.sports-reference.com/cbb/schools/nebraska-omaha/2022.html,Summit League,https://cdn.ssref.net/req/202212072/tlogo/ncaa/nebraska-omaha.png,30,40,25.2,58.4,0.431,18.1,38.5,0.471,7.1,19.9,0.355,12.2,16.7,0.731,8.7,24.1,32.8,10.9,4.8,2.6,13.7,19.2,69.6
https://www.sports-reference.com/cbb/schools/north-dakota/2022.html,Summit League,https://cdn.ssref.net/req/202212072/tlogo/ncaa/north-dakota.png,31,40.2,23.8,58.9,0.405,14.9,32.9,0.452,9,26,0.345,13.6,18.5,0.734,10,25.5,35.5,12,4,1.9,12,17.4,70.3
https://www.sports-reference.com/cbb/schools/long-beach-state/2022.html,Big West Conference,https://cdn.ssref.net/req/202212072/tlogo/ncaa/long-beach-state.png,33,40.5,25.5,58.4,0.437,19,39.7,0.479,6.5,18.6,0.346,16.4,22.5,0.729,9.8,25.5,35.3,12.5,7,3.1,13.2,16.4,73.8
https://www.sports-reference.com/cbb/schools/cal-state-fullerton/2022.html,Big West Conference,https://cdn.ssref.net/req/202212072/tlogo/ncaa/cal-state-fullerton.png,32,40,24.8,55.7,0.445,19.3,38.9,0.494,5.5,16.7,0.329,15,19.5,0.766,9.8,23.7,33.4,11.3,7.3,2,12.1,15.8,70
https://www.sports-reference.com/cbb/schools/hawaii/2022.html,Big West Conference,https://cdn.ssref.net/req/202212072/tlogo/ncaa/hawaii.png,28,40,23.8,54.1,0.441,15.7,31.4,0.5,8.1,22.7,0.358,13.1,17.6,0.744,9.2,26,35.2,12.3,3.5,2.1,13,16.8,68.9
https://www.sports-reference.com/cbb/schools/california-irvine/2022.html,Big West Conference,https://cdn.ssref.net/req/202212072/tlogo/ncaa/california-irvine.png,25,40,24.4,55.1,0.442,19.3,39.6,0.488,5,15.5,0.325,12.5,16.3,0.765,10,26.3,36.3,10.9,6,3.6,13.5,18,66.2
https://www.sports-reference.com/cbb/schools/california-santa-barbara/2022.html,Big West Conference,https://cdn.ssref.net/req/202212072/tlogo/ncaa/california-santa-barbara.png,28,40.9,27,54.5,0.494,21.5,38.2,0.564,5.4,16.4,0.332,14.4,20.4,0.708,9.1,25.8,34.9,15.6,6.3,2.9,13.3,17.3,73.8
https://www.sports-reference.com/cbb/schools/california-riverside/2022.html,Big West Conference,https://cdn.ssref.net/req/202212072/tlogo/ncaa/california-riverside.png,28,40.5,24.4,55.1,0.442,17.2,32.7,0.526,7.2,22.4,0.32,10.6,14.8,0.72,7.9,27.6,35.5,13.3,5.3,1.3,12.3,16,66.6
https://www.sports-reference.com/cbb/schools/california-davis/2022.html,Big West Conference,https://cdn.ssref.net/req/202212072/tlogo/ncaa/california-davis.png,24,40.2,25,56.9,0.44,19,38.7,0.49,6.1,18.3,0.333,11.7,16.5,0.705,8.9,25.4,34.3,11.3,6,2.9,12.5,18.5,67.8
https://www.sports-reference.com/cbb/schools/california-san-diego/2022.html,Big West Conference,https://cdn.ssref.net/req/202212072/tlogo/ncaa/california-san-diego.png,29,40.2,24,54.2,0.444,14.9,29.5,0.505,9.1,24.7,0.37,13,17.4,0.748,5.9,24.6,30.6,13.6,5.8,1.8,12.6,14.6,70.2
https://www.sports-reference.com/cbb/schools/cal-poly/2022.html,Big West Conference,https://cdn.ssref.net/req/202212072/tlogo/ncaa/cal-poly.png,28,40.5,21.2,51.8,0.409,15.9,33.7,0.473,5.3,18.1,0.29,13.9,19,0.728,9.3,25.7,35,10.5,4.7,2.4,14.7,19.4,61.5
https://www.sports-reference.com/cbb/schools/cal-state-northridge/2022.html,Big West Conference,https://cdn.ssref.net/req/202212072/tlogo/ncaa/cal-state-northridge.png,30,40.5,22.6,56.1,0.403,17.5,39.2,0.446,5.1,16.9,0.303,11.2,16.5,0.682,9.8,21.9,31.7,9.2,7.2,2.5,12.3,18.7,61.6
https://www.sports-reference.com/cbb/schools/cal-state-bakersfield/2022.html,Big West Conference,https://cdn.ssref.net/req/202212072/tlogo/ncaa/cal-state-bakersfield.png,28,40,24.4,57.6,0.423,20.5,44.3,0.463,3.8,13.3,0.288,12.3,17.5,0.706,11.9,23.1,35,10,6.2,2.4,11.7,20.6,64.9
https://www.sports-reference.com/cbb/schools/norfolk-state/2022.html,Mid-Eastern Athletic Conference,https://cdn.ssref.net/req/202212072/tlogo/ncaa/norfolk-state.png,31,40,26.3,57,0.461,19.3,36.7,0.526,7,20.3,0.343,14.8,21.1,0.699,10.3,28.2,38.5,12.5,6.7,3.6,14,17.6,74.3
https://www.sports-reference.com/cbb/schools/howard/2022.html,Mid-Eastern Athletic Conference,https://cdn.ssref.net/req/202212072/tlogo/ncaa/howard.png,29,40.2,26.2,59.6,0.439,17.7,36,0.492,8.4,23.6,0.359,15.6,20.9,0.745,10.2,24.2,34.4,14.4,8.4,3.6,14.8,18.1,76.4
https://www.sports-reference.com/cbb/schools/north-carolina-central/2022.html,Mid-Eastern Athletic Conference,https://cdn.ssref.net/req/202212072/tlogo/ncaa/north-carolina-central.png,31,40.5,26.1,58.1,0.449,19.6,38.5,0.509,6.5,19.5,0.332,14.1,21.1,0.668,11.7,24.4,36.1,12.4,8.7,2.2,15.7,20.4,72.8
https://www.sports-reference.com/cbb/schools/morgan-state/2022.html,Mid-Eastern Athletic Conference,https://cdn.ssref.net/req/202212072/tlogo/ncaa/morgan-state.png,28,40.2,27.5,63,0.437,21.4,43.4,0.493,6.1,19.6,0.313,13.8,20.4,0.677,12,24.8,36.8,14.8,8.5,3.4,15.4,19.7,75
https://www.sports-reference.com/cbb/schools/south-carolina-state/2022.html,Mid-Eastern Athletic Conference,https://cdn.ssref.net/req/202212072/tlogo/ncaa/south-carolina-state.png,31,40.5,25.7,65.5,0.393,19.4,44.3,0.437,6.4,21.2,0.3,14.1,20.4,0.689,15.2,26.6,41.8,12.2,6.6,3.6,14.8,19.8,71.8
https://www.sports-reference.com/cbb/schools/maryland-eastern-shore/2022.html,Mid-Eastern Athletic Conference,https://cdn.ssref.net/req/202212072/tlogo/ncaa/maryland-eastern-shore.png,27,40.4,23.4,57.9,0.404,15.6,33.2,0.47,7.7,24.6,0.314,11.4,17.7,0.644,10.8,23.8,34.6,12.4,10.1,2.3,15.4,16.8,65.9
https://www.sports-reference.com/cbb/schools/coppin-state/2022.html,Mid-Eastern Athletic Conference,https://cdn.ssref.net/req/202212072/tlogo/ncaa/coppin-state.png,32,40,22.3,57.8,0.386,13.8,29,0.476,8.6,28.9,0.297,13.7,20,0.684,7.8,26.4,34.2,11,8.1,3,14.4,16.8,66.9
https://www.sports-reference.com/cbb/schools/delaware-state/2022.html,Mid-Eastern Athletic Conference,https://cdn.ssref.net/req/202212072/tlogo/ncaa/delaware-state.png,28,40.2,22.6,56,0.404,16.6,37.4,0.443,6,18.6,0.325,11.5,17.1,0.672,9.9,25.3,35.3,9.7,7.3,4,17.5,18,62.8
https://www.sports-reference.com/cbb/schools/alcorn-state/2022.html,Southwest Athletic Conference,https://cdn.ssref.net/req/202212072/tlogo/ncaa/alcorn-state.png,34,40.3,24,58.4,0.412,18.6,41.3,0.452,5.4,17.1,0.316,13.1,18.9,0.692,11.8,24.1,35.9,10.4,7.4,2.7,14.1,17.8,66.5
https://www.sports-reference.com/cbb/schools/texas-southern/2022.html,Southwest Athletic Conference,https://cdn.ssref.net/req/202212072/tlogo/ncaa/texas-southern.png,32,40.2,25.1,57.9,0.433,19.5,40,0.486,5.6,17.9,0.314,13.2,19.5,0.679,11.8,27.6,39.4,10.7,5.6,5.2,14.9,17.7,69
https://www.sports-reference.com/cbb/schools/southern/2022.html,Southwest Athletic Conference,https://cdn.ssref.net/req/202212072/tlogo/ncaa/southern.png,31,40.2,25.5,57.9,0.44,18.6,38.5,0.485,6.9,19.5,0.353,14,20.1,0.696,9.5,21.9,31.5,13.4,10.5,2.6,14.5,20.5,71.9
https://www.sports-reference.com/cbb/schools/florida-am/2022.html,Southwest Athletic Conference,https://cdn.ssref.net/req/202212072/tlogo/ncaa/florida-am.png,30,40.3,24.4,57,0.428,19.9,41.9,0.474,4.6,15.1,0.302,11.6,16.5,0.705,9,23.6,32.6,12,6.3,3.1,12.5,17.7,65.1
https://www.sports-reference.com/cbb/schools/alabama-am/2022.html,Southwest Athletic Conference,https://cdn.ssref.net/req/202212072/tlogo/ncaa/alabama-am.png,30,40.7,21.9,57.8,0.379,18,43.4,0.414,3.9,14.4,0.271,13.8,19.4,0.713,11.1,26.7,37.8,9.5,7,3.2,13.6,16.1,61.4
https://www.sports-reference.com/cbb/schools/jackson-state/2022.html,Southwest Athletic Conference,https://cdn.ssref.net/req/202212072/tlogo/ncaa/jackson-state.png,30,40.2,23.1,56.7,0.408,18,39.5,0.455,5.2,17.2,0.3,9.5,15,0.634,11.2,23.9,35.1,10.8,6.1,3.9,13.2,17.1,61
https://www.sports-reference.com/cbb/schools/prairie-view/2022.html,Southwest Athletic Conference,https://cdn.ssref.net/req/202212072/tlogo/ncaa/prairie-view.png,27,40.6,24,56.1,0.428,17.7,37.8,0.468,6.3,18.3,0.345,15.2,21.6,0.703,11,24,35,11.4,8.5,3.1,17.4,21.2,69.5
https://www.sports-reference.com/cbb/schools/grambling/2022.html,Southwest Athletic Conference,https://cdn.ssref.net/req/202212072/tlogo/ncaa/grambling.png,32,40,23.4,57.6,0.407,18.3,41.4,0.442,5.1,16.2,0.315,13.5,19,0.71,10.4,25.4,35.8,10.9,6.6,3.3,14.2,18.3,65.4
https://www.sports-reference.com/cbb/schools/alabama-state/2022.html,Southwest Athletic Conference,https://cdn.ssref.net/req/202212072/tlogo/ncaa/alabama-state.png,31,40.3,24.2,56.8,0.426,18,38.1,0.472,6.2,18.7,0.332,15,21.5,0.698,10.5,23.7,34.3,12,7.5,3.6,15.4,18.1,69.7
https://www.sports-reference.com/cbb/schools/bethune-cookman/2022.html,Southwest Athletic Conference,https://cdn.ssref.net/req/202212072/tlogo/ncaa/bethune-cookman.png,30,40.3,23.7,56.8,0.416,18.9,42.5,0.444,4.8,14.3,0.336,11.2,16.3,0.689,10,22.6,32.6,10.7,7.9,2.4,13.4,17.1,63.4
https://www.sports-reference.com/cbb/schools/arkansas-pine-bluff/2022.html,Southwest Athletic Conference,https://cdn.ssref.net/req/202212072/tlogo/ncaa/arkansas-pine-bluff.png,31,40.2,22.8,55.9,0.409,16,33.1,0.483,6.8,22.7,0.301,13.8,19.3,0.715,8.8,20.7,29.5,11.5,7.2,2.6,13.1,17.4,66.3
https://www.sports-reference.com/cbb/schools/mississippi-valley-state/2022.html,Southwest Athletic Conference,https://cdn.ssref.net/req/202212072/tlogo/ncaa/mississippi-valley-state.png,28,40.9,23.8,61.5,0.386,16.6,38.2,0.436,7.1,23.3,0.305,12.6,19.3,0.655,9.6,22.1,31.7,11.6,7.4,2.5,13.4,18.1,67.2
https://www.sports-reference.com/cbb/schools/nicholls-state/2022.html,Southland Conference,https://cdn.ssref.net/req/202212072/tlogo/ncaa/nicholls-state.png,33,40.3,30.8,65.8,0.469,22.7,40.8,0.556,8.2,24.9,0.327,8.6,13.8,0.625,11.8,26.5,38.3,13.6,8.3,3.9,12.3,18.2,78.5
https://www.sports-reference.com/cbb/schools/new-orleans/2022.html,Southland Conference,https://cdn.ssref.net/req/202212072/tlogo/ncaa/new-orleans.png,32,40.3,27.8,59.7,0.466,23.7,46.3,0.512,4.1,13.4,0.308,17.4,23.8,0.731,9.5,27.1,36.6,13,7.9,2.8,14.3,18.8,77.2
https://www.sports-reference.com/cbb/schools/southeastern-louisiana/2022.html,Southland Conference,https://cdn.ssref.net/req/202212072/tlogo/ncaa/southeastern-louisiana.png,34,40.1,26.8,58.3,0.46,17.9,33.4,0.536,8.9,24.9,0.357,16.3,21.5,0.758,9.2,23.6,32.9,15.3,7.9,3.9,14.3,16,78.8
https://www.sports-reference.com/cbb/schools/texas-am-corpus-christi/2022.html,Southland Conference,https://cdn.ssref.net/req/202212072/tlogo/ncaa/texas-am-corpus-christi.png,35,40.1,26.9,60.9,0.443,20.5,41.8,0.491,6.4,19,0.336,16.3,22.2,0.737,12.8,25.5,38.3,15.1,8.5,1.8,14.1,20.3,76.6
https://www.sports-reference.com/cbb/schools/houston-baptist/2022.html,Southland Conference,https://cdn.ssref.net/req/202212072/tlogo/ncaa/houston-baptist.png,29,40.7,26.3,59,0.445,19.4,37.6,0.516,6.9,21.4,0.322,16.1,22.6,0.711,11.4,24.8,36.2,13.4,7.9,2.6,15.1,19,75.5
https://www.sports-reference.com/cbb/schools/northwestern-state/2022.html,Southland Conference,https://cdn.ssref.net/req/202212072/tlogo/ncaa/northwestern-state.png,32,40,28,62.9,0.445,20.7,41.6,0.497,7.3,21.3,0.342,10.6,15.3,0.694,11,24.8,35.8,15,6.3,3.5,13.9,16.9,73.8
https://www.sports-reference.com/cbb/schools/mcneese-state/2022.html,Southland Conference,https://cdn.ssref.net/req/202212072/tlogo/ncaa/mcneese-state.png,33,40.9,28.3,62.8,0.451,21.8,42.1,0.518,6.5,20.6,0.313,15.2,23,0.659,13.9,26.6,40.5,12.7,7.8,3.5,16.2,20.1,78.2
https://www.sports-reference.com/cbb/schools/incarnate-word/2022.html,Southland Conference,https://cdn.ssref.net/req/202212072/tlogo/ncaa/incarnate-word.png,32,40,23,55.4,0.416,14.4,30.6,0.471,8.6,24.8,0.348,12.3,15.8,0.784,7.9,21.7,29.7,11.6,5.2,1.8,13.5,17.4,67
https://www.sports-reference.com/cbb/schools/colgate/2022.html,Patriot League,https://cdn.ssref.net/req/202212072/tlogo/ncaa/colgate.png,35,40.1,27.5,58.1,0.474,17.6,33.6,0.525,9.9,24.5,0.404,10.6,15.2,0.697,8.8,27.3,36.2,17.1,6.1,3.6,11.3,14.5,75.6
https://www.sports-reference.com/cbb/schools/navy/2022.html,Patriot League,https://cdn.ssref.net/req/202212072/tlogo/ncaa/navy.png,32,40.3,24.1,56,0.43,18.3,38.3,0.478,5.8,17.7,0.326,11.1,16.9,0.655,11.8,25.5,37.3,12.3,7.1,3.3,12.9,16,65
https://www.sports-reference.com/cbb/schools/boston-university/2022.html,Patriot League,https://cdn.ssref.net/req/202212072/tlogo/ncaa/boston-university.png,35,40.4,25.5,56.2,0.454,18,35,0.515,7.5,21.2,0.354,12,16.3,0.739,10.2,24.6,34.8,11,5.6,2.4,12.1,15.6,70.6
https://www.sports-reference.com/cbb/schools/lehigh/2022.html,Patriot League,https://cdn.ssref.net/req/202212072/tlogo/ncaa/lehigh.png,32,40.2,24.9,55.7,0.447,16.8,34.4,0.487,8.1,21.3,0.382,10.6,14.3,0.741,6.9,26.4,33.3,14.2,4.4,3.6,13.3,16.9,68.4
https://www.sports-reference.com/cbb/schools/army/2022.html,Patriot League,https://cdn.ssref.net/req/202212072/tlogo/ncaa/army.png,31,40.3,25.9,59.3,0.437,19.2,38.3,0.501,6.7,21,0.321,11.8,18.7,0.63,11.1,26.1,37.2,12.5,7.8,1.9,13.2,14.8,70.4
https://www.sports-reference.com/cbb/schools/loyola-md/2022.html,Patriot League,https://cdn.ssref.net/req/202212072/tlogo/ncaa/loyola-md.png,30,40.3,24.9,56.3,0.442,18,34.7,0.519,6.9,21.6,0.319,9.4,13.8,0.684,8.2,23.9,32.1,14.9,7.8,2.7,13,15.3,66.1
https://www.sports-reference.com/cbb/schools/lafayette/2022.html,Patriot League,https://cdn.ssref.net/req/202212072/tlogo/ncaa/lafayette.png,30,40.8,25.2,58.3,0.433,16.5,31.6,0.521,8.8,26.7,0.328,8.6,12.5,0.684,8,23.9,31.9,16.2,6.3,3.4,11,14.4,67.8
https://www.sports-reference.com/cbb/schools/holy-cross/2022.html,Patriot League,https://cdn.ssref.net/req/202212072/tlogo/ncaa/holy-cross.png,31,40,23.9,57.8,0.414,18.1,40.8,0.443,5.8,17,0.343,11.5,16.3,0.708,10,23.8,33.8,10.2,5.9,3.8,12.5,16.9,65.2
https://www.sports-reference.com/cbb/schools/american/2022.html,Patriot League,https://cdn.ssref.net/req/202212072/tlogo/ncaa/american.png,32,40.3,24.4,54.3,0.45,19.4,39.1,0.496,5,15.2,0.331,9.6,13.9,0.694,7,23.7,30.7,12.2,6.5,3.1,13.3,14.9,63.5
https://www.sports-reference.com/cbb/schools/bucknell/2022.html,Patriot League,https://cdn.ssref.net/req/202212072/tlogo/ncaa/bucknell.png,32,40.9,25.6,55.9,0.457,17.7,34.9,0.506,7.9,21,0.376,12.1,15.8,0.765,6.8,24.9,31.7,14.7,4.6,3.1,13.5,15.3,71.2
